Date;Price
03/06/2025;51.33
03/05/2025;52.75
03/04/2025;51.83
03/03/2025;52.26
02/28/2025;52.34
02/27/2025;52.28
02/26/2025;53.25
02/25/2025;53.83
02/24/2025;53.29
02/21/2025;53.33
02/20/2025;51.84
02/19/2025;51.83
02/18/2025;52.79
02/17/2025;53.81
02/14/2025;53.82
02/13/2025;54.85
02/12/2025;55.31
02/11/2025;55.32
02/10/2025;55.82
02/07/2025;55.81
02/06/2025;57.30
02/05/2025;57.31
02/04/2025;57.29
02/03/2025;56.80
01/31/2025;57.29
01/30/2025;56.83
01/29/2025;57.82
01/28/2025;58.28
01/27/2025;57.83
01/24/2025;57.83
01/23/2025;57.81
01/22/2025;58.29
01/21/2025;58.37
01/20/2025;58.30
01/17/2025;59.30
01/16/2025;59.79
01/15/2025;60.30
01/14/2025;61.80
01/13/2025;60.76
01/10/2025;60.29
01/09/2025;59.81
01/08/2025;59.31
01/07/2025;59.80
01/06/2025;60.78
01/03/2025;60.80
01/02/2025;60.78
01/01/2025;60.79
12/31/2024;60.32
12/30/2024;60.31
12/27/2024;60.30
12/26/2024;60.28
12/25/2024;60.31
12/24/2024;60.32
12/23/2024;60.31
12/20/2024;60.31
12/19/2024;58.80
12/18/2024;58.82
12/17/2024;57.81
12/16/2024;57.32
12/13/2024;57.32
12/12/2024;56.32
12/11/2024;56.31
12/10/2024;56.35
12/09/2024;56.34
12/06/2024;57.32
12/05/2024;58.81
12/04/2024;59.32
12/03/2024;60.31
12/02/2024;61.77
11/29/2024;61.81
11/28/2024;61.80
11/27/2024;60.33
11/26/2024;59.81
11/25/2024;59.87
11/22/2024;59.83
11/21/2024;58.34
11/20/2024;58.33
11/19/2024;56.87
11/18/2024;57.36
11/15/2024;57.34
11/14/2024;57.31
11/13/2024;58.34
11/12/2024;57.31
11/11/2024;59.31
11/08/2024;59.83
11/07/2024;61.32
11/06/2024;58.26
11/05/2024;58.34
11/04/2024;58.89
11/01/2024;58.82
10/31/2024;57.84
10/30/2024;56.38
10/29/2024;56.33
10/28/2024;56.33
10/25/2024;56.38
10/24/2024;56.88
10/23/2024;57.33
10/22/2024;58.34
10/21/2024;56.36
10/18/2024;56.87
10/17/2024;57.84
10/16/2024;57.85
10/15/2024;58.35
10/14/2024;59.88
10/11/2024;59.88
10/10/2024;61.37
10/09/2024;63.12
10/08/2024;61.88
10/07/2024;61.84
10/04/2024;62.85
10/03/2024;62.85
10/02/2024;62.85
10/01/2024;62.84
09/30/2024;62.84
09/27/2024;63.34
09/26/2024;64.34
09/25/2024;64.33
09/24/2024;63.83
09/23/2024;63.83
09/20/2024;64.71
09/19/2024;58.82
09/18/2024;58.82
09/17/2024;58.81
09/16/2024;59.33
09/13/2024;60.36
09/12/2024;61.29
09/11/2024;61.82
09/10/2024;61.79
09/09/2024;60.78
09/06/2024;60.81
09/05/2024;61.30
09/04/2024;62.30
09/03/2024;64.35
09/02/2024;63.28
08/30/2024;63.78
08/29/2024;63.79
08/28/2024;63.29
08/27/2024;64.29
08/26/2024;64.31
08/23/2024;64.37
08/22/2024;64.29
08/21/2024;63.80
08/20/2024;65.28
08/19/2024;65.28
08/16/2024;65.30
08/15/2024;67.77
08/14/2024;67.76
08/13/2024;67.77
08/12/2024;70.24
08/09/2024;70.26
08/08/2024;71.27
08/07/2024;74.18
08/06/2024;75.16
08/05/2024;72.25
08/02/2024;68.27
08/01/2024;65.27
07/31/2024;65.27
07/30/2024;65.27
07/29/2024;65.30
07/26/2024;65.78
07/25/2024;64.32
07/24/2024;62.31
07/23/2024;62.33
07/22/2024;62.32
07/19/2024;62.30
07/18/2024;62.30
07/17/2024;62.34
07/16/2024;62.33
07/15/2024;62.79
07/12/2024;63.79
07/11/2024;64.81
07/10/2024;66.80
07/09/2024;65.82
07/08/2024;68.28
07/05/2024;70.28
07/04/2024;71.27
07/03/2024;73.74
07/02/2024;75.25
07/01/2024;78.21
06/28/2024;77.20
06/27/2024;76.21
06/26/2024;74.22
06/25/2024;74.24
06/24/2024;76.22
06/21/2024;76.21
06/20/2024;74.22
06/19/2024;73.24
06/18/2024;79.18
06/17/2024;80.15
06/14/2024;66.21
06/13/2024;96.72
06/12/2024;70.23
06/11/2024;64.79
06/10/2024;61.79
06/07/2024;61.79
06/06/2024;61.79
06/05/2024;61.79
06/04/2024;61.30
06/03/2024;62.80
05/31/2024;88.94
05/30/2024;88.95
05/29/2024;62.27
05/28/2024;62.30
05/27/2024;62.30
05/24/2024;62.31
05/23/2024;61.31
05/22/2024;61.31
05/21/2024;62.75
05/20/2024;62.31
05/17/2024;62.33
05/16/2024;62.34
05/15/2024;43.91
05/14/2024;62.33
05/13/2024;61.84
05/10/2024;61.83
05/09/2024;61.82
05/08/2024;61.82
05/07/2024;62.83
05/06/2024;62.83
05/03/2024;62.92
05/02/2024;64.35
05/01/2024;64.40
04/30/2024;64.27
04/29/2024;64.33
04/26/2024;65.33
04/25/2024;64.83
04/24/2024;64.31
04/23/2024;65.33
04/22/2024;67.78
04/19/2024;67.36
04/18/2024;68.31
04/17/2024;69.28
04/16/2024;67.31
04/15/2024;65.81
04/12/2024;65.83
04/11/2024;65.35
04/10/2024;65.34
04/09/2024;65.34
04/08/2024;66.80
04/05/2024;65.82
04/04/2024;68.80
04/03/2024;66.82
04/02/2024;67.84
04/01/2024;67.84
03/29/2024;67.84
03/28/2024;67.31
03/27/2024;67.33
03/26/2024;68.33
03/25/2024;68.31
03/22/2024;66.85
03/21/2024;67.83
03/20/2024;67.16
03/19/2024;61.33
03/18/2024;62.27
03/15/2024;61.32
03/14/2024;63.30
03/13/2024;64.30
03/12/2024;65.30
03/11/2024;65.79
03/08/2024;66.79
03/07/2024;67.77
03/06/2024;67.77
03/05/2024;69.28
03/04/2024;70.26
03/01/2024;69.77
02/29/2024;69.77
02/28/2024;69.80
02/27/2024;70.25
02/26/2024;71.27
02/23/2024;71.24
02/22/2024;71.24
02/21/2024;73.22
02/20/2024;73.28
02/19/2024;72.77
02/16/2024;73.75
02/15/2024;75.26
02/14/2024;75.28
02/13/2024;75.24
02/12/2024;75.25
02/09/2024;74.75
02/08/2024;74.76
02/07/2024;74.75
02/06/2024;76.25
02/05/2024;76.21
02/02/2024;77.21
02/01/2024;75.24
01/31/2024;73.29
01/30/2024;72.28
01/29/2024;72.29
01/26/2024;73.78
01/25/2024;73.77
01/24/2024;74.27
01/23/2024;73.27
01/22/2024;72.77
01/19/2024;74.24
01/18/2024;75.26
01/17/2024;73.76
01/16/2024;73.73
01/15/2024;74.26
01/12/2024;76.73
01/11/2024;76.74
01/10/2024;78.23
01/09/2024;80.20
01/08/2024;81.19
01/05/2024;81.19
01/04/2024;80.20
01/03/2024;77.23
01/02/2024;77.72
01/01/2024;77.74
12/29/2023;77.74
12/28/2023;77.72
12/27/2023;77.74
12/26/2023;77.74
12/25/2023;77.74
12/22/2023;77.74
12/21/2023;77.74
12/20/2023;81.23
12/19/2023;82.20
12/18/2023;82.22
12/15/2023;82.19
12/14/2023;86.18
12/13/2023;86.16
12/12/2023;86.66
12/11/2023;86.15
12/08/2023;85.17
12/07/2023;86.16
12/06/2023;86.16
12/05/2023;88.14
12/04/2023;93.60
12/01/2023;89.14
11/30/2023;89.13
11/29/2023;90.13
11/28/2023;90.61
11/27/2023;91.10
11/24/2023;91.09
11/23/2023;91.60
11/22/2023;91.60
11/21/2023;91.11
11/20/2023;95.06
11/17/2023;96.05
11/16/2023;98.02
11/15/2023;100.00
11/14/2023;102.96
11/13/2023;105.42
11/10/2023;105.42
11/09/2023;105.42
11/08/2023;105.42
11/07/2023;106.40
11/06/2023;107.39
11/03/2023;108.87
11/02/2023;108.87
11/01/2023;111.83
10/31/2023;111.83
10/30/2023;114.31
10/27/2023;117.25
10/26/2023;116.26
10/25/2023;114.29
10/24/2023;114.29
10/23/2023;116.78
10/20/2023;118.97
10/19/2023;116.77
10/18/2023;115.27
10/17/2023;114.30
10/16/2023;114.30
10/13/2023;111.33
10/12/2023;109.86
10/11/2023;112.33
10/10/2023;115.72
10/09/2023;114.76
10/06/2023;112.33
10/05/2023;109.86
10/04/2023;106.91
10/03/2023;106.89
10/02/2023;105.92
09/29/2023;105.91
09/28/2023;106.41
09/27/2023;103.94
09/26/2023;100.49
09/25/2023;99.50
09/22/2023;97.53
09/21/2023;97.03
09/20/2023;96.08
09/19/2023;88.12
09/18/2023;88.11
09/15/2023;88.12
09/14/2023;88.12
09/13/2023;86.13
09/12/2023;87.12
09/11/2023;87.12
09/08/2023;87.13
09/07/2023;87.13
09/06/2023;86.14
09/05/2023;86.13
09/04/2023;86.14
09/01/2023;86.13
08/31/2023;86.14
08/30/2023;86.13
08/29/2023;87.13
08/28/2023;87.13
08/25/2023;87.13
08/24/2023;87.12
08/23/2023;90.10
08/22/2023;90.08
08/21/2023;90.10
08/18/2023;90.11
08/17/2023;88.61
08/16/2023;88.13
08/15/2023;88.12
08/14/2023;88.12
08/11/2023;88.12
08/10/2023;88.12
08/09/2023;88.13
08/08/2023;88.13
08/07/2023;88.11
08/04/2023;88.62
08/03/2023;88.12
08/02/2023;86.15
08/01/2023;86.15
07/31/2023;86.14
07/28/2023;86.64
07/27/2023;86.15
07/26/2023;86.15
07/25/2023;87.12
07/24/2023;88.62
07/21/2023;88.62
07/20/2023;88.62
07/19/2023;89.62
07/18/2023;89.62
07/17/2023;88.62
07/14/2023;89.61
07/13/2023;90.11
07/12/2023;90.11
07/11/2023;90.13
07/10/2023;90.11
07/07/2023;90.10
07/06/2023;90.10
07/05/2023;90.11
07/04/2023;90.11
07/03/2023;90.59
06/30/2023;90.10
06/29/2023;91.59
06/28/2023;91.59
06/27/2023;91.58
06/26/2023;91.59
06/23/2023;91.59
06/22/2023;91.59
06/21/2023;91.59
06/20/2023;91.59
06/19/2023;92.58
06/16/2023;92.57
06/15/2023;92.57
06/14/2023;92.58
06/13/2023;92.58
06/12/2023;95.05
06/09/2023;96.53
06/08/2023;96.53
06/07/2023;96.54
06/06/2023;98.51
06/05/2023;100.00
06/02/2023;102.47
06/01/2023;102.47
05/31/2023;102.47
05/30/2023;104.94
05/29/2023;104.94
05/26/2023;104.93
05/25/2023;107.41
05/24/2023;107.41
05/23/2023;107.41
05/22/2023;107.40
05/19/2023;110.98
05/18/2023;120.63
05/17/2023;112.74
05/16/2023;112.77
05/15/2023;112.81
05/12/2023;112.84
05/11/2023;112.88
05/10/2023;113.84
05/09/2023;113.83
05/08/2023;112.84
05/05/2023;112.88
05/04/2023;112.80
05/03/2023;112.84
05/02/2023;112.34
05/01/2023;112.35
04/28/2023;109.86
04/27/2023;112.34
04/26/2023;107.41
04/25/2023;107.39
04/24/2023;107.40
04/21/2023;107.41
04/20/2023;104.93
04/19/2023;104.93
04/18/2023;109.87
04/17/2023;109.87
04/14/2023;109.87
04/13/2023;109.89
04/12/2023;109.87
04/11/2023;112.33
04/10/2023;112.34
04/07/2023;112.34
04/06/2023;109.86
04/05/2023;107.41
04/04/2023;107.40
04/03/2023;107.39
03/31/2023;107.41
03/30/2023;109.88
03/29/2023;112.35
03/28/2023;114.81
03/27/2023;114.82
03/24/2023;112.33
03/23/2023;114.80
03/22/2023;114.80
03/21/2023;119.74
03/20/2023;122.32
03/17/2023;114.87
03/16/2023;114.86
03/15/2023;109.90
03/14/2023;100.03
03/13/2023;100.00
03/10/2023;95.06
03/09/2023;92.57
03/08/2023;92.56
03/07/2023;92.57
03/06/2023;92.57
03/03/2023;92.57
03/02/2023;95.04
03/01/2023;95.04
02/28/2023;95.04
02/27/2023;95.04
02/24/2023;92.57
02/23/2023;95.05
02/22/2023;95.05
02/21/2023;90.13
02/20/2023;90.09
02/17/2023;90.09
02/16/2023;92.57
02/15/2023;87.63
02/14/2023;87.62
02/13/2023;90.10
02/10/2023;87.62
02/09/2023;90.10
02/08/2023;92.58
02/07/2023;95.05
02/06/2023;92.57
02/03/2023;92.58
02/02/2023;104.94
02/01/2023;104.94
01/31/2023;104.94
01/30/2023;104.94
01/27/2023;104.94
01/26/2023;107.41
01/25/2023;104.94
01/24/2023;107.41
01/23/2023;107.41
01/20/2023;107.42
01/19/2023;100.00
01/18/2023;104.94
01/17/2023;109.88
01/16/2023;109.87
01/13/2023;107.40
01/12/2023;112.33
01/11/2023;117.25
01/10/2023;122.19
01/09/2023;124.67
01/06/2023;124.66
01/05/2023;127.13
01/04/2023;132.01
01/03/2023;132.00
01/02/2023;132.02
12/30/2022;132.05
12/29/2022;134.48
12/28/2022;134.49
12/27/2022;134.49
12/26/2022;134.48
12/23/2022;134.50
12/22/2022;134.49
12/21/2022;134.51
12/20/2022;134.50
12/19/2022;134.51
12/16/2022;129.59
12/15/2022;127.12
12/14/2022;124.63
12/13/2022;124.63
12/12/2022;124.62
12/09/2022;124.63
12/08/2022;124.67
12/07/2022;124.66
12/06/2022;124.64
12/05/2022;127.15
12/02/2022;127.13
12/01/2022;129.26
11/30/2022;129.56
11/29/2022;132.04
11/28/2022;129.52
11/25/2022;127.07
11/24/2022;127.09
11/23/2022;132.18
11/22/2022;131.98
11/21/2022;127.06
11/18/2022;129.53
11/17/2022;134.48
11/16/2022;137.16
11/15/2022;136.91
11/14/2022;136.97
11/11/2022;139.39
11/10/2022;139.35
11/09/2022;144.58
11/08/2022;144.30
11/07/2022;144.30
11/04/2022;144.28
11/03/2022;144.32
11/02/2022;144.84
11/01/2022;144.24
10/31/2022;146.79
10/28/2022;149.19
10/27/2022;154.13
10/26/2022;154.02
10/25/2022;163.92
10/24/2022;168.75
10/21/2022;166.45
10/20/2022;168.94
10/19/2022;176.30
10/18/2022;173.69
10/17/2022;173.73
10/14/2022;173.74
10/13/2022;171.37
10/12/2022;171.27
10/11/2022;168.93
10/10/2022;178.66
10/07/2022;173.77
10/06/2022;173.75
10/05/2022;163.92
10/04/2022;168.70
10/03/2022;173.72
09/30/2022;176.13
09/29/2022;168.92
09/28/2022;181.04
09/27/2022;173.66
09/26/2022;161.62
09/23/2022;144.26
09/22/2022;146.80
09/21/2022;154.04
09/20/2022;154.13
09/19/2022;144.39
09/16/2022;144.39
09/15/2022;144.39
09/14/2022;149.37
09/13/2022;154.27
09/12/2022;149.37
09/09/2022;154.67
09/08/2022;154.27
09/07/2022;155.27
09/06/2022;154.67
09/05/2022;154.27
09/02/2022;154.27
09/01/2022;154.31
08/31/2022;151.81
08/30/2022;151.77
08/29/2022;151.94
08/26/2022;144.42
08/25/2022;151.77
08/24/2022;151.76
08/23/2022;151.79
08/22/2022;149.35
08/19/2022;144.42
08/18/2022;146.84
08/17/2022;139.48
08/16/2022;132.05
08/15/2022;132.07
08/12/2022;132.04
08/11/2022;136.99
08/10/2022;141.93
08/09/2022;139.44
08/08/2022;139.43
08/05/2022;144.41
08/04/2022;146.84
08/03/2022;154.16
08/02/2022;151.70
08/01/2022;151.79
07/29/2022;173.90
07/28/2022;173.97
07/27/2022;169.01
07/26/2022;164.08
07/25/2022;164.12
07/22/2022;166.60
07/21/2022;157.90
07/20/2022;153.03
07/19/2022;161.64
07/18/2022;161.61
07/15/2022;166.50
07/14/2022;146.94
07/13/2022;144.39
07/12/2022;144.31
07/11/2022;137.00
07/08/2022;136.97
07/07/2022;139.45
07/06/2022;139.47
07/05/2022;129.51
07/04/2022;131.51
07/01/2022;132.01
06/30/2022;127.13
06/29/2022;127.10
06/28/2022;136.60
06/27/2022;137.00
06/24/2022;132.06
06/23/2022;122.20
06/22/2022;124.62
06/21/2022;147.08
06/20/2022;146.78
06/17/2022;146.48
06/16/2022;146.88
06/15/2022;154.05
06/14/2022;159.02
06/13/2022;144.41
06/10/2022;139.40
06/09/2022;129.56
06/08/2022;129.55
06/07/2022;129.56
06/06/2022;127.08
06/03/2022;127.08
06/02/2022;127.08
06/01/2022;127.09
05/31/2022;124.64
05/30/2022;122.15
05/27/2022;124.60
05/26/2022;129.54
05/25/2022;132.00
05/24/2022;131.99
05/23/2022;134.48
05/20/2022;127.07
05/19/2022;124.61
05/18/2022;124.60
05/17/2022;124.63
05/16/2022;124.59
05/13/2022;130.13
05/12/2022;129.53
05/11/2022;129.53
05/10/2022;134.47
05/09/2022;129.56
05/06/2022;124.64
05/05/2022;124.64
05/04/2022;119.71
05/03/2022;119.71
05/02/2022;117.26
04/29/2022;114.79
04/28/2022;109.87
04/27/2022;107.40
04/26/2022;108.38
04/25/2022;104.92
04/22/2022;100.00
04/21/2022;101.48
04/20/2022;100.00
04/19/2022;100.00
04/18/2022;100.00
04/15/2022;100.00
04/14/2022;98.52
04/13/2022;98.51
04/12/2022;100.00
04/11/2022;102.47
04/08/2022;102.47
04/07/2022;102.46
04/06/2022;102.47
04/05/2022;95.05
04/04/2022;92.58
04/01/2022;92.14
03/31/2022;90.19
03/30/2022;92.65
03/29/2022;92.63
03/28/2022;92.63
03/25/2022;95.09
03/24/2022;95.09
03/23/2022;95.09
03/22/2022;95.09
03/21/2022;95.09
03/18/2022;87.71
03/17/2022;87.71
03/16/2022;97.54
03/15/2022;97.53
03/14/2022;97.53
03/11/2022;102.45
03/10/2022;92.63
03/09/2022;100.00
03/08/2022;109.82
03/07/2022;102.45
03/04/2022;97.54
03/03/2022;95.08
03/02/2022;95.08
03/01/2022;97.54
02/28/2022;92.63
02/25/2022;100.00
02/24/2022;107.35
02/23/2022;100.00
02/22/2022;102.45
02/21/2022;100.00
02/18/2022;97.54
02/17/2022;100.00
02/16/2022;102.45
02/15/2022;104.91
02/14/2022;106.39
02/11/2022;101.47
02/10/2022;97.54
02/09/2022;100.00
02/08/2022;102.46
02/07/2022;97.54
02/04/2022;91.62
02/03/2022;85.72
02/02/2022;85.23
02/01/2022;84.74
01/31/2022;90.64
01/28/2022;90.65
01/27/2022;95.57
01/26/2022;93.60
01/25/2022;95.07
01/24/2022;92.61
01/21/2022;89.66
01/20/2022;88.67
01/19/2022;89.66
01/18/2022;88.66
01/17/2022;88.67
01/14/2022;88.67
01/13/2022;89.66
01/12/2022;90.16
01/11/2022;90.65
01/10/2022;90.15
01/07/2022;89.67
01/06/2022;89.66
01/05/2022;90.16
01/04/2022;92.62
01/03/2022;92.61
12/31/2021;92.62
12/30/2021;92.62
12/29/2021;91.63
12/28/2021;89.67
12/27/2021;89.66
12/24/2021;89.67
12/23/2021;89.66
12/22/2021;89.66
12/21/2021;89.65
12/20/2021;88.69
12/17/2021;87.70
12/16/2021;87.71
12/15/2021;85.24
12/14/2021;88.68
12/13/2021;86.73
12/10/2021;88.70
12/09/2021;91.64
12/08/2021;90.66
12/07/2021;85.72
12/06/2021;85.72
12/03/2021;89.69
12/02/2021;89.66
12/01/2021;92.62
11/30/2021;90.17
11/29/2021;90.16
11/26/2021;90.69
11/25/2021;88.69
11/24/2021;87.70
11/23/2021;86.73
11/22/2021;86.70
11/19/2021;85.25
11/18/2021;82.79
11/17/2021;82.79
11/16/2021;82.78
11/15/2021;82.78
11/12/2021;82.77
11/11/2021;79.34
11/10/2021;77.08
11/09/2021;76.65
11/08/2021;77.10
11/05/2021;77.37
11/04/2021;78.60
11/03/2021;79.57
11/02/2021;84.01
11/01/2021;86.46
10/29/2021;80.56
10/28/2021;74.64
10/27/2021;72.30
10/26/2021;71.93
10/25/2021;72.06
10/22/2021;71.94
10/21/2021;71.92
10/20/2021;72.19
10/19/2021;72.19
10/18/2021;72.17
10/15/2021;72.16
10/14/2021;72.18
10/13/2021;72.78
10/12/2021;73.40
10/11/2021;73.89
10/08/2021;74.15
10/07/2021;74.39
10/06/2021;75.38
10/05/2021;74.14
10/04/2021;74.14
10/01/2021;74.15
09/30/2021;73.90
09/29/2021;73.90
09/28/2021;74.40
09/27/2021;74.14
09/24/2021;73.66
09/23/2021;73.64
09/22/2021;74.64
09/21/2021;75.62
09/20/2021;76.63
09/17/2021;69.14
09/16/2021;69.13
09/15/2021;69.64
09/14/2021;68.92
09/13/2021;71.37
09/10/2021;71.36
09/09/2021;72.12
09/08/2021;73.35
09/07/2021;73.34
09/06/2021;72.85
09/03/2021;72.85
09/02/2021;72.85
09/01/2021;73.10
08/31/2021;72.84
08/30/2021;72.36
08/27/2021;72.37
08/26/2021;72.85
08/25/2021;72.11
08/24/2021;72.35
08/23/2021;72.86
08/20/2021;72.86
08/19/2021;72.61
08/18/2021;72.11
08/17/2021;72.12
08/16/2021;72.61
08/13/2021;72.62
08/12/2021;72.60
08/11/2021;72.62
08/10/2021;72.12
08/09/2021;72.12
08/06/2021;72.11
08/05/2021;72.60
08/04/2021;73.10
08/03/2021;73.11
08/02/2021;73.12
07/30/2021;73.36
07/29/2021;73.35
07/28/2021;73.35
07/27/2021;73.36
07/26/2021;73.36
07/23/2021;73.11
07/22/2021;74.11
07/21/2021;74.59
07/20/2021;74.61
07/19/2021;75.36
07/16/2021;72.86
07/15/2021;72.87
07/14/2021;72.64
07/13/2021;73.11
07/12/2021;73.61
07/09/2021;73.60
07/08/2021;72.89
07/07/2021;72.88
07/06/2021;72.15
07/05/2021;72.13
07/02/2021;72.15
07/01/2021;72.13
06/30/2021;73.13
06/29/2021;75.60
06/28/2021;76.10
06/25/2021;76.09
06/24/2021;76.83
06/23/2021;77.31
06/22/2021;77.08
06/21/2021;77.07
06/18/2021;78.31
06/17/2021;75.87
06/16/2021;75.31
06/15/2021;75.34
06/14/2021;75.33
06/11/2021;75.81
06/10/2021;76.56
06/09/2021;77.06
06/08/2021;78.54
06/07/2021;78.79
06/04/2021;78.30
06/03/2021;78.29
06/02/2021;78.30
06/01/2021;78.29
05/31/2021;80.51
05/28/2021;80.52
05/27/2021;80.77
05/26/2021;82.49
05/25/2021;83.00
05/24/2021;84.72
05/21/2021;83.73
05/20/2021;84.73
05/19/2021;88.42
05/18/2021;87.93
05/17/2021;87.43
05/14/2021;86.20
05/13/2021;85.22
05/12/2021;84.96
05/11/2021;85.22
05/10/2021;85.22
05/07/2021;87.19
05/06/2021;85.21
05/05/2021;83.74
05/04/2021;83.98
05/03/2021;83.00
04/30/2021;83.00
04/29/2021;82.99
04/28/2021;83.50
04/27/2021;84.23
04/26/2021;82.75
04/23/2021;82.00
04/22/2021;80.28
04/21/2021;80.77
04/20/2021;82.51
04/19/2021;82.51
04/16/2021;83.00
04/15/2021;82.51
04/14/2021;82.50
04/13/2021;80.30
04/12/2021;78.31
04/09/2021;77.82
04/08/2021;76.85
04/07/2021;77.82
04/06/2021;77.11
04/05/2021;73.42
04/02/2021;73.37
04/01/2021;73.39
03/31/2021;74.36
03/30/2021;75.36
03/29/2021;75.85
03/26/2021;76.09
03/25/2021;75.84
03/24/2021;73.38
03/23/2021;73.15
03/22/2021;76.85
03/19/2021;70.60
03/18/2021;70.34
03/17/2021;73.08
03/16/2021;70.36
03/15/2021;70.11
03/12/2021;69.11
03/11/2021;68.87
03/10/2021;71.11
03/09/2021;71.61
03/08/2021;72.81
03/05/2021;73.82
03/04/2021;74.79
03/03/2021;74.54
03/02/2021;73.57
03/01/2021;72.82
02/26/2021;75.32
02/25/2021;74.02
02/24/2021;71.83
02/23/2021;73.07
02/22/2021;73.06
02/19/2021;73.55
02/18/2021;77.51
02/17/2021;73.57
02/16/2021;70.83
02/15/2021;72.58
02/12/2021;74.80
02/11/2021;75.80
02/10/2021;78.29
02/09/2021;80.27
02/08/2021;80.02
02/05/2021;82.98
02/04/2021;84.71
02/03/2021;89.15
02/02/2021;95.56
02/01/2021;96.79
01/29/2021;99.50
01/28/2021;100.49
01/27/2021;100.49
01/26/2021;99.50
01/25/2021;103.93
01/22/2021;107.13
01/21/2021;101.72
01/20/2021;99.50
01/19/2021;97.29
01/18/2021;101.47
01/15/2021;99.99
01/14/2021;104.92
01/13/2021;98.03
01/12/2021;98.27
01/11/2021;93.84
01/08/2021;92.36
01/07/2021;95.56
01/06/2021;97.29
01/05/2021;97.78
01/04/2021;97.29
01/01/2021;96.55
12/31/2020;96.55
12/30/2020;96.55
12/29/2020;97.78
12/28/2020;98.27
12/25/2020;98.27
12/24/2020;98.27
12/23/2020;98.76
12/22/2020;98.76
12/21/2020;99.99
12/18/2020;97.53
12/17/2020;97.78
12/16/2020;97.78
12/15/2020;100.98
12/14/2020;103.19
12/11/2020;102.70
12/10/2020;102.21
12/09/2020;102.21
12/08/2020;103.81
12/07/2020;104.91
12/04/2020;103.19
12/03/2020;103.19
12/02/2020;103.68
12/01/2020;105.89
11/30/2020;106.63
11/27/2020;106.13
11/26/2020;104.42
11/25/2020;104.91
11/24/2020;104.91
11/23/2020;105.89
11/20/2020;107.61
11/19/2020;108.59
11/18/2020;107.61
11/17/2020;107.85
11/16/2020;107.60
11/13/2020;108.83
11/12/2020;107.60
11/11/2020;107.60
11/10/2020;110.31
11/09/2020;112.04
11/06/2020;114.72
11/05/2020;116.93
11/04/2020;119.62
11/03/2020;122.57
11/02/2020;124.04
10/30/2020;123.55
10/29/2020;122.81
10/28/2020;127.71
10/27/2020;118.15
10/26/2020;117.41
10/23/2020;121.82
10/22/2020;124.53
10/21/2020;124.52
10/20/2020;125.01
10/19/2020;126.48
10/16/2020;123.78
10/15/2020;128.20
10/14/2020;119.12
10/13/2020;117.40
10/12/2020;117.90
10/09/2020;119.62
10/08/2020;121.33
10/07/2020;121.58
10/06/2020;122.80
10/05/2020;125.51
10/02/2020;127.22
10/01/2020;129.91
09/30/2020;134.33
09/29/2020;133.83
09/28/2020;135.30
09/25/2020;134.56
09/24/2020;133.10
09/23/2020;131.88
09/22/2020;133.84
09/21/2020;139.23
09/18/2020;131.73
09/17/2020;131.72
09/16/2020;130.49
09/15/2020;130.98
09/14/2020;132.71
09/11/2020;133.19
09/10/2020;131.72
09/09/2020;132.70
09/08/2020;135.64
09/07/2020;133.92
09/04/2020;131.73
09/03/2020;130.97
09/02/2020;130.98
09/01/2020;131.47
08/31/2020;134.42
08/28/2020;134.41
08/27/2020;134.43
08/26/2020;134.92
08/25/2020;137.62
08/24/2020;139.10
08/21/2020;139.33
08/20/2020;139.82
08/19/2020;140.56
08/18/2020;141.53
08/17/2020;142.02
08/14/2020;142.02
08/13/2020;142.03
08/12/2020;141.57
08/11/2020;142.06
08/10/2020;143.77
08/07/2020;143.05
08/06/2020;144.76
08/05/2020;145.26
08/04/2020;148.69
08/03/2020;150.41
07/31/2020;150.91
07/30/2020;150.89
07/29/2020;149.17
07/28/2020;151.62
07/27/2020;151.38
07/24/2020;149.17
07/23/2020;151.86
07/22/2020;157.27
07/21/2020;158.99
07/20/2020;160.23
07/17/2020;162.44
07/16/2020;164.15
07/15/2020;161.19
07/14/2020;161.21
07/13/2020;160.69
07/10/2020;163.42
07/09/2020;161.19
07/08/2020;158.51
07/07/2020;158.98
07/06/2020;158.98
07/03/2020;162.41
07/02/2020;160.69
07/01/2020;162.90
06/30/2020;167.79
06/29/2020;168.76
06/26/2020;168.74
06/25/2020;168.75
06/24/2020;162.86
06/23/2020;161.61
06/22/2020;165.31
06/19/2020;166.78
06/18/2020;166.28
06/17/2020;167.51
06/16/2020;167.26
06/15/2020;170.44
06/12/2020;161.86
06/11/2020;162.34
06/10/2020;161.33
06/09/2020;158.14
06/08/2020;153.75
06/05/2020;156.74
06/04/2020;167.53
06/03/2020;187.92
06/02/2020;191.57
06/01/2020;188.67
05/29/2020;195.50
05/28/2020;189.15
05/27/2020;195.75
05/26/2020;200.09
05/25/2020;212.03
05/22/2020;212.04
05/21/2020;213.01
05/20/2020;210.31
05/19/2020;209.73
05/18/2020;219.84
05/15/2020;232.65
05/14/2020;227.25
05/13/2020;225.81
05/12/2020;228.21
05/11/2020;229.29
05/08/2020;234.60
05/07/2020;234.43
05/06/2020;234.97
05/05/2020;234.99
05/04/2020;220.33
05/01/2020;215.92
04/30/2020;215.94
04/29/2020;214.58
04/28/2020;212.28
04/27/2020;218.82
04/24/2020;231.65
04/23/2020;234.00
04/22/2020;249.83
04/21/2020;264.28
04/20/2020;247.88
04/17/2020;236.25
04/16/2020;238.70
04/15/2020;236.01
04/14/2020;211.77
04/13/2020;191.51
04/10/2020;191.51
04/09/2020;191.42
04/08/2020;187.56
04/07/2020;183.22
04/06/2020;183.65
04/03/2020;183.59
04/02/2020;175.35
04/01/2020;180.21
03/31/2020;176.76
03/30/2020;171.88
03/27/2020;155.86
03/26/2020;146.18
03/25/2020;165.61
03/24/2020;176.87
03/23/2020;188.41
03/20/2020;182.41
03/19/2020;182.71
03/18/2020;248.37
03/17/2020;258.59
03/16/2020;260.35
03/13/2020;226.81
03/12/2020;255.50
03/11/2020;199.71
03/10/2020;212.11
03/09/2020;163.03
03/06/2020;164.87
03/05/2020;154.38
03/04/2020;148.41
03/03/2020;145.09
03/02/2020;155.81
02/28/2020;151.52
02/27/2020;132.60
02/26/2020;117.92
02/25/2020;114.23
02/24/2020;110.30
02/21/2020;99.50
02/20/2020;99.50
02/19/2020;99.01
02/18/2020;99.01
02/17/2020;97.29
02/14/2020;97.78
02/13/2020;95.57
02/12/2020;95.57
02/11/2020;98.76
02/10/2020;98.27
02/07/2020;98.27
02/06/2020;98.27
02/05/2020;97.78
02/04/2020;102.45
02/03/2020;107.61
01/31/2020;107.10
01/30/2020;108.59
01/29/2020;107.60
01/28/2020;111.53
01/27/2020;113.72
01/24/2020;121.81
01/23/2020;122.29
01/22/2020;127.69
01/21/2020;122.29
01/20/2020;119.62
01/17/2020;120.60
01/16/2020;122.32
01/15/2020;119.61
01/14/2020;117.89
01/13/2020;119.61
01/10/2020;117.65
01/09/2020;124.98
01/08/2020;126.47
01/07/2020;128.90
01/06/2020;127.44
01/03/2020;126.67
01/02/2020;126.20
01/01/2020;121.80
12/31/2019;121.81
12/30/2019;122.30
12/27/2019;124.98
12/26/2019;124.50
12/25/2019;124.50
12/24/2019;124.48
12/23/2019;123.51
12/20/2019;121.80
12/19/2019;119.59
12/18/2019;118.13
12/17/2019;124.98
12/16/2019;125.01
12/13/2019;124.47
12/12/2019;129.91
12/11/2019;131.56
12/10/2019;130.85
12/09/2019;134.02
12/06/2019;137.46
12/05/2019;136.47
12/04/2019;134.28
12/03/2019;137.40
12/02/2019;136.96
11/29/2019;135.23
11/28/2019;134.74
11/27/2019;133.30
11/26/2019;131.06
11/25/2019;128.87
11/22/2019;128.88
11/21/2019;127.18
11/20/2019;129.84
11/19/2019;131.55
11/18/2019;130.56
11/15/2019;131.32
11/14/2019;137.14
11/13/2019;124.46
11/12/2019;116.87
11/11/2019;115.66
11/08/2019;113.70
11/07/2019;112.50
11/06/2019;114.68
11/05/2019;113.47
11/04/2019;115.67
11/01/2019;116.16
10/31/2019;114.42
10/30/2019;111.73
10/29/2019;111.98
10/28/2019;111.00
10/25/2019;109.78
10/24/2019;110.75
10/23/2019;110.75
10/22/2019;109.28
10/21/2019;109.78
10/18/2019;108.55
10/17/2019;109.77
10/16/2019;113.42
10/15/2019;116.13
10/14/2019;120.99
10/11/2019;122.25
10/10/2019;131.01
10/09/2019;134.17
10/08/2019;135.60
10/07/2019;133.93
10/04/2019;131.71
10/03/2019;132.41
10/02/2019;130.47
10/01/2019;130.96
09/30/2019;131.48
09/27/2019;134.14
09/26/2019;136.30
09/25/2019;138.55
09/24/2019;138.21
09/23/2019;134.62
09/20/2019;132.91
09/19/2019;123.98
09/18/2019;122.29
09/17/2019;121.29
09/16/2019;117.36
09/13/2019;122.52
09/12/2019;125.22
09/11/2019;139.09
09/10/2019;145.72
09/09/2019;144.50
09/06/2019;144.97
09/05/2019;146.75
09/04/2019;149.34
09/03/2019;158.55
09/02/2019;160.92
08/30/2019;163.58
08/29/2019;160.94
08/28/2019;170.91
08/27/2019;174.03
08/26/2019;185.32
08/23/2019;185.16
08/22/2019;185.76
08/21/2019;193.31
08/20/2019;197.57
08/19/2019;201.91
08/16/2019;209.39
08/15/2019;214.21
08/14/2019;216.03
08/13/2019;211.88
08/12/2019;214.50
08/09/2019;218.24
08/08/2019;188.33
08/07/2019;185.07
08/06/2019;175.16
08/05/2019;174.30
08/02/2019;169.63
08/01/2019;165.85
07/31/2019;162.54
07/30/2019;163.71
07/29/2019;159.57
07/26/2019;156.18
07/25/2019;152.04
07/24/2019;153.73
07/23/2019;158.36
07/22/2019;160.05
07/19/2019;159.16
07/18/2019;152.26
07/17/2019;153.50
07/16/2019;153.31
07/15/2019;158.14
07/12/2019;161.03
07/11/2019;160.11
07/10/2019;165.40
07/09/2019;170.78
07/08/2019;171.30
07/05/2019;170.64
07/04/2019;165.18
07/03/2019;165.96
07/02/2019;182.41
07/01/2019;186.84
06/28/2019;195.80
06/27/2019;198.15
06/26/2019;195.78
06/25/2019;196.93
06/24/2019;196.43
06/21/2019;195.35
06/20/2019;194.15
06/19/2019;190.35
06/18/2019;197.47
06/17/2019;210.11
06/14/2019;212.55
06/13/2019;216.26
06/12/2019;218.23
06/11/2019;217.57
06/10/2019;216.84
06/07/2019;216.72
06/06/2019;225.48
06/05/2019;225.94
06/04/2019;221.28
06/03/2019;223.48
05/31/2019;228.37
05/30/2019;222.51
05/29/2019;222.36
05/28/2019;223.98
05/27/2019;211.98
05/24/2019;211.98
05/23/2019;214.69
05/22/2019;209.85
05/21/2019;209.44
05/20/2019;211.62
05/17/2019;209.65
05/16/2019;210.89
05/15/2019;207.31
05/14/2019;207.88
05/13/2019;204.84
05/10/2019;201.34
05/09/2019;201.52
05/08/2019;195.83
05/07/2019;190.85
05/06/2019;184.05
05/03/2019;184.06
05/02/2019;184.08
05/01/2019;186.92
04/30/2019;189.36
04/29/2019;189.99
04/26/2019;193.15
04/25/2019;199.74
04/24/2019;195.87
04/23/2019;195.66
04/22/2019;190.26
04/19/2019;190.25
04/18/2019;190.18
04/17/2019;189.74
04/16/2019;189.33
04/15/2019;185.61
04/12/2019;184.43
04/11/2019;191.14
04/10/2019;195.56
04/09/2019;199.69
04/08/2019;198.92
04/05/2019;199.14
04/04/2019;199.95
04/03/2019;201.47
04/02/2019;204.00
04/01/2019;203.56
03/29/2019;203.78
03/28/2019;205.66
03/27/2019;204.24
03/26/2019;200.70
03/25/2019;199.66
03/22/2019;199.07
03/21/2019;192.33
03/20/2019;191.33
03/19/2019;184.60
03/18/2019;185.96
03/15/2019;189.39
03/14/2019;189.57
03/13/2019;193.79
03/12/2019;194.72
03/11/2019;194.87
03/08/2019;193.59
03/07/2019;192.57
03/06/2019;196.47
03/05/2019;201.39
03/04/2019;203.98
03/01/2019;201.89
02/28/2019;204.80
02/27/2019;211.15
02/26/2019;208.06
02/25/2019;213.44
02/22/2019;219.20
02/21/2019;216.88
02/20/2019;221.67
02/19/2019;217.27
02/18/2019;216.20
02/15/2019;220.66
02/14/2019;219.93
02/13/2019;219.27
02/12/2019;222.11
02/11/2019;227.42
02/08/2019;235.05
02/07/2019;230.44
02/06/2019;217.07
02/05/2019;214.64
02/04/2019;213.23
02/01/2019;211.33
01/31/2019;199.25
01/30/2019;200.28
01/29/2019;202.26
01/28/2019;204.55
01/25/2019;204.31
01/24/2019;205.70
01/23/2019;207.37
01/22/2019;206.66
01/21/2019;204.94
01/18/2019;204.56
01/17/2019;207.82
01/16/2019;213.86
01/15/2019;220.31
01/14/2019;220.74
01/11/2019;219.02
01/10/2019;221.89
01/09/2019;219.94
01/08/2019;223.22
01/07/2019;220.38
01/04/2019;220.63
01/03/2019;226.00
01/02/2019;207.81
01/01/2019;205.82
12/31/2018;205.82
12/28/2018;206.72
12/27/2018;206.72
12/26/2018;206.83
12/25/2018;206.77
12/24/2018;206.67
12/21/2018;206.74
12/20/2018;203.36
12/19/2018;209.78
12/18/2018;216.02
12/17/2018;214.31
12/14/2018;213.70
12/13/2018;214.20
12/12/2018;226.21
12/11/2018;233.36
12/10/2018;236.02
12/07/2018;234.64
12/06/2018;237.97
12/05/2018;232.05
12/04/2018;246.57
12/03/2018;237.35
11/30/2018;242.65
11/29/2018;242.69
11/28/2018;243.67
11/27/2018;246.57
11/26/2018;244.70
11/23/2018;259.73
11/22/2018;259.77
11/21/2018;270.00
11/20/2018;284.02
11/19/2018;278.03
11/16/2018;273.19
11/15/2018;272.40
11/14/2018;270.39
11/13/2018;268.63
11/12/2018;267.47
11/09/2018;263.02
11/08/2018;258.59
11/07/2018;255.64
11/06/2018;260.70
11/05/2018;253.36
11/02/2018;252.15
11/01/2018;259.45
10/31/2018;265.08
10/30/2018;268.91
10/29/2018;259.20
10/26/2018;269.56
10/25/2018;268.52
10/24/2018;277.46
10/23/2018;273.62
10/22/2018;266.44
10/19/2018;271.22
10/18/2018;281.59
10/17/2018;268.51
10/16/2018;261.74
10/15/2018;269.22
10/12/2018;270.71
10/11/2018;267.87
10/10/2018;265.14
10/09/2018;263.16
10/08/2018;269.01
10/05/2018;260.21
10/04/2018;253.53
10/03/2018;254.46
10/02/2018;256.64
10/01/2018;251.89
09/28/2018;246.00
09/27/2018;218.36
09/26/2018;211.57
09/25/2018;216.01
09/24/2018;219.35
09/21/2018;215.47
09/20/2018;216.02
09/19/2018;207.15
09/18/2018;206.20
09/17/2018;214.43
09/14/2018;222.33
09/13/2018;224.71
09/12/2018;226.59
09/11/2018;221.27
09/10/2018;222.22
09/07/2018;230.21
09/06/2018;236.36
09/05/2018;237.94
09/04/2018;247.36
09/03/2018;257.48
08/31/2018;262.80
08/30/2018;258.86
08/29/2018;252.60
08/28/2018;255.08
08/27/2018;251.63
08/24/2018;251.62
08/23/2018;248.71
08/22/2018;244.76
08/21/2018;243.84
08/20/2018;250.54
08/17/2018;255.91
08/16/2018;255.47
08/15/2018;256.35
08/14/2018;253.08
08/13/2018;259.28
08/10/2018;246.55
08/09/2018;234.37
08/08/2018;226.09
08/07/2018;227.61
08/06/2018;230.51
08/03/2018;232.43
08/02/2018;221.67
08/01/2018;210.98
07/31/2018;213.46
07/30/2018;216.40
07/27/2018;212.92
07/26/2018;210.03
07/25/2018;207.57
07/24/2018;207.54
07/23/2018;205.65
07/20/2018;207.62
07/19/2018;204.64
07/18/2018;203.69
07/17/2018;202.73
07/16/2018;207.62
07/13/2018;208.03
07/12/2018;212.95
07/11/2018;213.87
07/10/2018;208.64
07/09/2018;212.08
07/06/2018;212.01
07/05/2018;214.96
07/04/2018;205.27
07/03/2018;212.00
07/02/2018;218.92
06/29/2018;215.49
06/28/2018;227.23
06/27/2018;226.15
06/26/2018;234.49
06/25/2018;232.49
06/22/2018;222.31
06/21/2018;225.14
06/20/2018;196.91
06/19/2018;196.86
06/18/2018;195.91
06/15/2018;200.77
06/14/2018;213.98
06/13/2018;216.30
06/12/2018;227.00
06/11/2018;227.10
06/08/2018;266.02
06/07/2018;242.62
06/06/2018;232.05
06/05/2018;208.40
06/04/2018;185.61
06/01/2018;205.26
05/31/2018;227.94
05/30/2018;247.07
05/29/2018;263.32
05/28/2018;175.24
05/25/2018;175.16
05/24/2018;157.62
05/23/2018;154.21
05/22/2018;137.20
05/21/2018;141.12
05/18/2018;121.04
05/17/2018;111.76
05/16/2018;111.33
05/15/2018;97.17
05/14/2018;97.13
05/11/2018;95.09
05/10/2018;97.05
05/09/2018;94.30
05/08/2018;93.06
05/07/2018;89.51
05/04/2018;89.22
05/03/2018;88.59
05/02/2018;87.95
05/01/2018;89.41
04/30/2018;90.10
04/27/2018;87.65
04/26/2018;87.35
04/25/2018;87.02
04/24/2018;85.88
04/23/2018;84.88
04/20/2018;91.73
04/19/2018;95.30
04/18/2018;96.37
04/17/2018;98.36
04/16/2018;100.03
04/13/2018;101.41
04/12/2018;101.70
04/11/2018;100.24
04/10/2018;100.14
04/09/2018;102.93
04/06/2018;100.73
04/05/2018;100.73
04/04/2018;101.70
04/03/2018;101.70
04/02/2018;102.19
03/30/2018;102.19
03/29/2018;102.19
03/28/2018;104.39
03/27/2018;104.39
03/26/2018;105.86
03/23/2018;103.90
03/22/2018;103.66
03/21/2018;102.93
03/20/2018;102.68
03/19/2018;101.47
03/16/2018;100.49
03/15/2018;101.95
03/14/2018;101.95
03/13/2018;97.30
03/12/2018;97.79
03/09/2018;96.07
03/08/2018;97.54
03/07/2018;99.01
03/06/2018;101.22
03/05/2018;105.88
03/02/2018;99.01
03/01/2018;97.54
02/28/2018;99.01
02/27/2018;103.43
02/26/2018;105.63
02/23/2018;107.09
02/22/2018;104.40
02/21/2018;102.45
02/20/2018;101.95
02/19/2018;99.50
02/16/2018;96.32
02/15/2018;97.79
02/14/2018;100.49
02/13/2018;102.44
02/12/2018;100.97
02/09/2018;103.43
02/08/2018;97.54
02/07/2018;96.07
02/06/2018;100.49
02/05/2018;98.77
02/02/2018;95.08
02/01/2018;95.57
01/31/2018;96.55
01/30/2018;98.03
01/29/2018;97.53
01/26/2018;99.99
01/25/2018;98.51
01/24/2018;98.02
01/23/2018;102.94
01/22/2018;103.67
01/19/2018;104.41
01/18/2018;104.41
01/17/2018;104.90
01/16/2018;103.92
01/15/2018;107.36
01/12/2018;107.85
01/11/2018;109.56
01/10/2018;113.73
01/09/2018;115.20
01/08/2018;115.69
01/05/2018;115.45
01/04/2018;115.45
01/03/2018;119.11
01/02/2018;120.59
01/01/2018;117.64
12/29/2017;117.64
12/28/2017;116.67
12/27/2017;116.65
12/26/2017;116.17
12/25/2017;116.17
12/22/2017;116.17
12/21/2017;115.68
12/20/2017;115.44
12/19/2017;114.46
12/18/2017;114.95
12/15/2017;114.95
12/14/2017;114.47
12/13/2017;114.45
12/12/2017;111.28
12/11/2017;110.78
12/08/2017;110.78
12/07/2017;114.94
12/06/2017;115.19
12/05/2017;113.72
12/04/2017;113.73
12/01/2017;114.20
11/30/2017;114.21
11/29/2017;114.70
11/28/2017;116.90
11/27/2017;116.90
11/24/2017;116.91
11/23/2017;117.64
11/22/2017;117.62
11/21/2017;118.85
11/20/2017;120.08
11/17/2017;120.07
11/16/2017;121.56
11/15/2017;121.55
11/14/2017;118.60
11/13/2017;117.14
11/10/2017;117.64
11/09/2017;117.63
11/08/2017;115.67
11/07/2017;112.74
11/06/2017;116.66
11/03/2017;115.92
11/02/2017;117.63
11/01/2017;120.07
10/31/2017;123.99
10/30/2017;125.92
10/27/2017;129.33
10/26/2017;128.37
10/25/2017;129.83
10/24/2017;130.57
10/23/2017;131.52
10/20/2017;134.98
10/19/2017;135.92
10/18/2017;137.64
10/17/2017;138.60
10/16/2017;138.10
10/13/2017;138.08
10/12/2017;137.60
10/11/2017;139.55
10/10/2017;140.99
10/09/2017;141.01
10/06/2017;141.03
10/05/2017;141.99
10/04/2017;142.95
10/03/2017;139.52
10/02/2017;140.02
09/29/2017;137.12
09/28/2017;138.32
09/27/2017;141.25
09/26/2017;142.70
09/25/2017;143.38
09/22/2017;141.93
09/21/2017;141.24
09/20/2017;138.25
09/19/2017;128.90
09/18/2017;131.83
09/15/2017;136.50
09/14/2017;137.46
09/13/2017;137.72
09/12/2017;139.18
09/11/2017;139.67
09/08/2017;141.62
09/07/2017;141.07
09/06/2017;142.09
09/05/2017;142.54
09/04/2017;143.54
09/01/2017;144.04
08/31/2017;145.00
08/30/2017;145.00
08/29/2017;145.47
08/28/2017;141.58
08/25/2017;144.49
08/24/2017;145.98
08/23/2017;146.44
08/22/2017;143.53
08/21/2017;137.17
08/18/2017;137.42
08/17/2017;136.21
08/16/2017;135.72
08/15/2017;138.19
08/14/2017;137.21
08/11/2017;139.13
08/10/2017;137.67
08/09/2017;135.71
08/08/2017;132.32
08/07/2017;132.81
08/04/2017;132.09
08/03/2017;132.55
08/02/2017;133.05
08/01/2017;133.04
07/31/2017;132.57
07/28/2017;133.05
07/27/2017;132.58
07/26/2017;133.53
07/25/2017;134.05
07/24/2017;132.81
07/21/2017;131.57
07/20/2017;135.51
07/19/2017;138.92
07/18/2017;139.65
07/17/2017;142.10
07/14/2017;145.00
07/13/2017;147.48
07/12/2017;145.98
07/11/2017;146.50
07/10/2017;146.00
07/07/2017;147.48
07/06/2017;145.04
07/05/2017;142.58
07/04/2017;142.34
07/03/2017;143.57
06/30/2017;144.56
06/29/2017;145.08
06/28/2017;144.55
06/27/2017;145.53
06/26/2017;143.08
06/23/2017;145.03
06/22/2017;144.05
06/21/2017;144.53
06/20/2017;144.52
06/19/2017;145.04
06/16/2017;151.83
06/15/2017;151.83
06/14/2017;151.28
06/13/2017;153.32
06/12/2017;157.72
06/09/2017;163.58
06/08/2017;167.47
06/07/2017;175.27
06/06/2017;174.72
06/05/2017;173.81
06/02/2017;172.77
06/01/2017;169.89
05/31/2017;168.91
05/30/2017;167.42
05/29/2017;158.65
05/26/2017;158.65
05/25/2017;159.17
05/24/2017;160.08
05/23/2017;159.62
05/22/2017;160.60
05/19/2017;160.60
05/18/2017;163.53
05/17/2017;162.46
05/16/2017;157.64
05/15/2017;159.60
05/12/2017;159.04
05/11/2017;158.10
05/10/2017;157.12
05/09/2017;157.60
05/08/2017;156.15
05/05/2017;156.12
05/04/2017;159.99
05/03/2017;166.33
05/02/2017;168.72
05/01/2017;166.31
04/28/2017;166.30
04/27/2017;170.67
04/26/2017;170.60
04/25/2017;162.42
04/24/2017;162.37
04/21/2017;183.24
04/20/2017;184.77
04/19/2017;186.21
04/18/2017;188.05
04/17/2017;186.18
04/14/2017;186.17
04/13/2017;186.16
04/12/2017;184.68
04/11/2017;184.62
04/10/2017;180.22
04/07/2017;178.36
04/06/2017;178.91
04/05/2017;176.88
04/04/2017;174.01
04/03/2017;173.93
03/31/2017;168.60
03/30/2017;168.61
03/29/2017;168.06
03/28/2017;167.63
03/27/2017;175.86
03/24/2017;178.82
03/23/2017;183.23
03/22/2017;187.53
03/21/2017;186.53
03/20/2017;191.98
03/17/2017;182.40
03/16/2017;181.55
03/15/2017;181.91
03/14/2017;189.65
03/13/2017;186.28
03/10/2017;183.36
03/09/2017;185.85
03/08/2017;184.86
03/07/2017;181.44
03/06/2017;182.37
03/03/2017;180.45
03/02/2017;179.94
03/01/2017;180.99
02/28/2017;184.67
02/27/2017;190.59
02/24/2017;190.85
02/23/2017;191.48
02/22/2017;194.35
02/21/2017;194.92
02/20/2017;194.90
02/17/2017;189.08
02/16/2017;178.47
02/15/2017;181.46
02/14/2017;181.44
02/13/2017;183.85
02/10/2017;186.27
02/09/2017;180.46
02/08/2017;183.75
02/07/2017;182.37
02/06/2017;181.32
02/03/2017;173.09
02/02/2017;174.12
02/01/2017;174.26
01/31/2017;173.13
01/30/2017;173.66
01/27/2017;165.38
01/26/2017;160.53
01/25/2017;156.16
01/24/2017;157.12
01/23/2017;158.79
01/20/2017;157.11
01/19/2017;158.15
01/18/2017;158.14
01/17/2017;160.02
01/16/2017;160.55
01/13/2017;160.59
01/12/2017;160.47
01/11/2017;156.65
01/10/2017;158.59
01/09/2017;158.57
01/06/2017;159.63
01/05/2017;159.56
01/04/2017;158.60
01/03/2017;158.65
01/02/2017;161.54
12/30/2016;161.52
12/29/2016;161.03
12/28/2016;159.53
12/27/2016;160.51
12/26/2016;160.51
12/23/2016;160.51
12/22/2016;161.49
12/21/2016;160.04
12/20/2016;159.56
12/19/2016;156.61
12/16/2016;157.07
12/15/2016;154.14
12/14/2016;154.66
12/13/2016;155.66
12/12/2016;164.42
12/09/2016;169.83
12/08/2016;163.49
12/07/2016;165.37
12/06/2016;166.86
12/05/2016;170.31
12/02/2016;170.20
12/01/2016;173.24
11/30/2016;176.64
11/29/2016;176.59
11/28/2016;180.87
11/25/2016;178.50
11/24/2016;179.96
11/23/2016;178.60
11/22/2016;170.65
11/21/2016;168.66
11/18/2016;168.74
11/17/2016;167.31
11/16/2016;162.88
11/15/2016;158.99
11/14/2016;162.52
11/11/2016;159.43
11/10/2016;153.59
11/09/2016;150.26
11/08/2016;148.79
11/07/2016;150.76
11/04/2016;154.58
11/03/2016;153.14
11/02/2016;151.17
11/01/2016;150.70
10/31/2016;148.50
10/28/2016;145.35
10/27/2016;139.51
10/26/2016;140.98
10/25/2016;140.96
10/24/2016;138.05
10/21/2016;139.75
10/20/2016;140.24
10/19/2016;140.72
10/18/2016;140.72
10/17/2016;143.13
10/14/2016;142.66
10/13/2016;145.09
10/12/2016;144.12
10/11/2016;144.13
10/10/2016;144.86
10/07/2016;149.68
10/06/2016;150.18
10/05/2016;154.53
10/04/2016;153.56
10/03/2016;153.54
09/30/2016;152.60
09/29/2016;150.16
09/28/2016;147.47
09/27/2016;147.24
09/26/2016;138.50
09/23/2016;137.03
09/22/2016;136.56
09/21/2016;135.60
09/20/2016;137.90
09/19/2016;133.76
09/16/2016;134.73
09/15/2016;133.49
09/14/2016;133.48
09/13/2016;134.23
09/12/2016;133.25
09/09/2016;133.25
09/08/2016;132.29
09/07/2016;132.27
09/06/2016;132.75
09/05/2016;133.75
09/02/2016;133.74
09/01/2016;135.68
08/31/2016;135.20
08/30/2016;136.16
08/29/2016;136.16
08/26/2016;136.16
08/25/2016;136.18
08/24/2016;136.16
08/23/2016;135.19
08/22/2016;133.72
08/19/2016;131.80
08/18/2016;131.28
08/17/2016;131.30
08/16/2016;130.07
08/15/2016;129.32
08/12/2016;130.49
08/11/2016;130.78
08/10/2016;131.25
08/09/2016;129.29
08/08/2016;129.30
08/05/2016;130.27
08/04/2016;130.76
08/03/2016;132.73
08/02/2016;133.71
08/01/2016;132.91
07/29/2016;133.38
07/28/2016;134.37
07/27/2016;134.37
07/26/2016;134.84
07/25/2016;132.91
07/22/2016;132.93
07/21/2016;133.90
07/20/2016;135.86
07/19/2016;134.87
07/18/2016;136.39
07/15/2016;130.49
07/14/2016;129.49
07/13/2016;135.33
07/12/2016;140.24
07/11/2016;143.73
07/08/2016;144.69
07/07/2016;149.59
07/06/2016;149.10
07/05/2016;149.08
07/04/2016;145.46
07/01/2016;141.52
06/30/2016;150.53
06/29/2016;162.79
06/28/2016;172.56
06/27/2016;183.16
06/24/2016;171.97
06/23/2016;138.82
06/22/2016;139.28
06/21/2016;141.25
06/20/2016;141.27
06/17/2016;147.13
06/16/2016;150.58
06/15/2016;145.64
06/14/2016;149.58
06/13/2016;146.63
06/10/2016;135.84
06/09/2016;132.90
06/08/2016;131.43
06/07/2016;131.45
06/06/2016;131.45
06/03/2016;127.96
06/02/2016;127.50
06/01/2016;127.03
05/31/2016;126.52
05/30/2016;124.56
05/27/2016;124.57
05/26/2016;124.56
05/25/2016;125.54
05/24/2016;128.01
05/23/2016;128.01
05/20/2016;127.99
05/19/2016;128.46
05/18/2016;127.99
05/17/2016;127.98
05/16/2016;128.01
05/13/2016;127.00
05/12/2016;127.01
05/11/2016;126.02
05/10/2016;126.51
05/09/2016;128.94
05/06/2016;128.97
05/05/2016;129.46
05/04/2016;128.95
05/03/2016;127.96
05/02/2016;125.05
04/29/2016;125.05
04/28/2016;124.55
04/27/2016;126.01
04/26/2016;126.51
04/25/2016;126.50
04/22/2016;126.50
04/21/2016;126.49
04/20/2016;128.93
04/19/2016;127.98
04/18/2016;130.92
04/15/2016;132.36
04/14/2016;132.39
04/13/2016;131.41
04/12/2016;135.85
04/11/2016;138.76
04/08/2016;138.77
04/07/2016;143.14
04/06/2016;137.31
04/05/2016;134.82
04/04/2016;127.47
04/01/2016;126.52
03/31/2016;127.47
03/30/2016;127.00
03/29/2016;129.91
03/28/2016;127.97
03/25/2016;127.97
03/24/2016;127.98
03/23/2016;126.47
03/22/2016;125.99
03/21/2016;122.95
03/18/2016;114.77
03/17/2016;114.79
03/16/2016;116.74
03/15/2016;115.75
03/14/2016;111.32
03/11/2016;111.83
03/10/2016;121.68
03/09/2016;129.55
03/08/2016;130.00
03/07/2016;130.53
03/04/2016;131.03
03/03/2016;132.48
03/02/2016;132.47
03/01/2016;136.94
02/29/2016;141.31
02/26/2016;143.80
02/25/2016;144.69
02/24/2016;147.67
02/23/2016;142.76
02/22/2016;144.74
02/19/2016;146.21
02/18/2016;145.20
02/17/2016;147.17
02/16/2016;146.16
02/15/2016;146.16
02/12/2016;153.06
02/11/2016;153.88
02/10/2016;141.77
02/09/2016;144.66
02/08/2016;140.27
02/05/2016;127.56
02/04/2016;125.08
02/03/2016;121.15
02/02/2016;121.14
02/01/2016;114.52
01/29/2016;112.78
01/28/2016;110.34
01/27/2016;106.89
01/26/2016;109.84
01/25/2016;113.77
01/22/2016;113.28
01/21/2016;117.21
01/20/2016;117.67
01/19/2016;107.88
01/18/2016;105.89
01/15/2016;104.91
01/14/2016;103.45
01/13/2016;102.95
01/12/2016;102.95
01/11/2016;100.97
01/08/2016;100.49
01/07/2016;100.98
01/06/2016;98.26
01/05/2016;96.54
01/04/2016;97.04
01/01/2016;96.55
12/31/2015;96.55
12/30/2015;100.00
12/29/2015;100.00
12/28/2015;99.99
12/25/2015;99.99
12/24/2015;99.99
12/23/2015;99.99
12/22/2015;100.49
12/21/2015;99.99
12/18/2015;97.52
12/17/2015;96.05
12/16/2015;96.55
12/15/2015;98.02
12/14/2015;98.51
12/11/2015;95.07
12/10/2015;92.10
12/09/2015;91.61
12/08/2015;90.62
12/07/2015;94.08
12/04/2015;95.56
12/03/2015;93.32
12/02/2015;93.10
12/01/2015;95.32
11/30/2015;95.32
11/27/2015;96.31
11/26/2015;97.53
11/25/2015;97.53
11/24/2015;97.53
11/23/2015;96.55
11/20/2015;96.55
11/19/2015;96.06
11/18/2015;96.05
11/17/2015;97.54
11/16/2015;99.01
11/13/2015;98.52
11/12/2015;98.52
11/11/2015;97.54
11/10/2015;99.51
11/09/2015;99.01
11/06/2015;99.50
11/05/2015;99.01
11/04/2015;100.99
11/03/2015;102.46
11/02/2015;102.95
10/30/2015;102.45
10/29/2015;101.96
10/28/2015;102.45
10/27/2015;104.43
10/26/2015;104.43
10/23/2015;104.92
10/22/2015;109.59
10/21/2015;112.78
10/20/2015;112.79
10/19/2015;114.50
10/16/2015;115.49
10/15/2015;116.97
10/14/2015;117.94
10/13/2015;116.46
10/12/2015;117.45
10/09/2015;116.96
10/08/2015;118.19
10/07/2015;117.21
10/06/2015;117.94
10/05/2015;122.62
10/02/2015;122.85
10/01/2015;122.85
09/30/2015;121.75
09/29/2015;122.85
09/28/2015;120.17
09/25/2015;122.61
09/24/2015;122.61
09/23/2015;118.20
09/22/2015;116.21
09/21/2015;113.59
09/18/2015;109.60
09/17/2015;108.61
09/16/2015;111.07
09/15/2015;111.82
09/14/2015;112.30
09/11/2015;112.30
09/10/2015;110.84
09/09/2015;110.83
09/08/2015;113.06
09/07/2015;114.53
09/04/2015;114.27
09/03/2015;113.78
09/02/2015;114.77
09/01/2015;115.24
08/31/2015;113.77
08/28/2015;113.78
08/27/2015;113.29
08/26/2015;117.22
08/25/2015;117.23
08/24/2015;125.08
08/21/2015;118.19
08/20/2015;115.74
08/19/2015;112.80
08/18/2015;113.27
08/17/2015;111.81
08/14/2015;112.80
08/13/2015;113.29
08/12/2015;114.26
08/11/2015;112.78
08/10/2015;111.82
08/07/2015;112.30
08/06/2015;111.81
08/05/2015;111.81
08/04/2015;116.24
08/03/2015;115.00
07/31/2015;114.75
07/30/2015;115.27
07/29/2015;115.26
07/28/2015;115.26
07/27/2015;116.24
07/24/2015;112.80
07/23/2015;111.82
07/22/2015;112.79
07/21/2015;111.32
07/20/2015;103.94
07/17/2015;104.43
07/16/2015;106.91
07/15/2015;113.30
07/14/2015;114.75
07/13/2015;113.78
07/10/2015;122.65
07/09/2015;139.35
07/08/2015;147.61
07/07/2015;155.93
07/06/2015;145.17
07/03/2015;132.44
07/02/2015;130.95
07/01/2015;132.93
06/30/2015;138.83
06/29/2015;140.21
06/26/2015;111.32
06/25/2015;111.33
06/24/2015;114.27
06/23/2015;111.81
06/22/2015;117.73
06/19/2015;131.98
06/18/2015;132.02
06/17/2015;129.54
06/16/2015;126.09
06/15/2015;126.59
06/12/2015;115.77
06/11/2015;107.38
06/10/2015;107.39
06/09/2015;111.33
06/08/2015;111.82
06/05/2015;108.37
06/04/2015;107.39
06/03/2015;110.85
06/02/2015;118.72
06/01/2015;118.24
05/29/2015;109.86
05/28/2015;111.83
05/27/2015;108.38
05/26/2015;115.27
05/25/2015;108.87
05/22/2015;108.87
05/21/2015;108.91
05/20/2015;112.02
05/19/2015;112.29
05/18/2015;114.64
05/15/2015;108.91
05/14/2015;111.38
05/13/2015;113.46
05/12/2015;117.64
05/11/2015;117.65
05/08/2015;117.11
05/07/2015;120.26
05/06/2015;124.41
05/05/2015;126.47
05/04/2015;118.10
05/01/2015;118.11
04/30/2015;119.18
04/29/2015;130.39
04/28/2015;130.56
04/27/2015;132.64
04/24/2015;138.09
04/23/2015;135.42
04/22/2015;137.03
04/21/2015;141.13
04/20/2015;135.45
04/17/2015;137.69
04/16/2015;122.89
04/15/2015;113.48
04/14/2015;112.44
04/13/2015;106.23
04/10/2015;106.23
04/09/2015;106.23
04/08/2015;105.24
04/07/2015;104.69
04/06/2015;107.81
04/03/2015;107.82
04/02/2015;107.81
04/01/2015;107.82
03/31/2015;107.76
03/30/2015;110.89
03/27/2015;113.95
03/26/2015;116.09
03/25/2015;116.10
03/24/2015;116.10
03/23/2015;111.97
03/20/2015;115.13
03/19/2015;116.66
03/18/2015;118.28
03/17/2015;107.52
03/16/2015;103.28
03/13/2015;104.85
03/12/2015;103.80
03/11/2015;102.56
03/10/2015;103.68
03/09/2015;102.25
03/06/2015;101.51
03/05/2015;104.77
03/04/2015;111.32
03/03/2015;110.94
03/02/2015;108.24
02/27/2015;110.27
02/26/2015;110.28
02/25/2015;112.99
02/24/2015;111.32
02/23/2015;114.95
02/20/2015;122.30
02/19/2015;123.43
02/18/2015;129.65
02/17/2015;132.80
02/16/2015;136.61
02/13/2015;129.66
02/12/2015;128.17
02/11/2015;124.54
02/10/2015;121.28
02/09/2015;121.26
02/06/2015;110.88
02/05/2015;107.69
02/04/2015;107.19
02/03/2015;110.38
02/02/2015;111.47
01/30/2015;104.03
01/29/2015;106.25
01/28/2015;104.67
01/27/2015;100.58
01/26/2015;98.44
01/23/2015;99.63
01/22/2015;105.81
01/21/2015;113.51
01/20/2015;115.65
01/19/2015;117.31
01/16/2015;123.99
01/15/2015;129.64
01/14/2015;134.65
01/13/2015;138.48
01/12/2015;139.45
01/09/2015;142.65
01/08/2015;138.01
01/07/2015;146.20
01/06/2015;139.60
01/05/2015;132.33
01/02/2015;126.06
01/01/2015;138.39
12/31/2014;138.39
12/30/2014;138.39
12/29/2014;141.62
12/26/2014;138.92
12/25/2014;138.92
12/24/2014;138.91
12/23/2014;138.92
12/22/2014;140.54
12/19/2014;141.58
12/18/2014;141.55
12/17/2014;155.02
12/16/2014;162.64
12/15/2014;151.99
12/12/2014;151.45
12/11/2014;146.46
12/10/2014;141.68
12/09/2014;132.24
12/08/2014;118.22
12/05/2014;118.09
12/04/2014;125.66
12/03/2014;125.66
12/02/2014;127.04
12/01/2014;128.33
11/28/2014;129.07
11/27/2014;127.53
11/26/2014;129.72
11/25/2014;126.36
11/24/2014;133.14
11/21/2014;137.16
11/20/2014;139.67
11/19/2014;139.50
11/18/2014;140.55
11/17/2014;141.05
11/14/2014;140.47
11/13/2014;137.61
11/12/2014;136.45
11/11/2014;134.30
11/10/2014;135.39
11/07/2014;138.19
11/06/2014;136.45
11/05/2014;138.16
11/04/2014;139.35
11/03/2014;136.06
10/31/2014;133.17
10/30/2014;137.99
10/29/2014;137.42
10/28/2014;140.74
10/27/2014;140.32
10/24/2014;139.34
10/23/2014;139.20
10/22/2014;139.28
10/21/2014;139.77
10/20/2014;143.57
10/17/2014;140.70
10/16/2014;152.67
10/15/2014;133.06
10/14/2014;117.88
10/13/2014;113.88
10/10/2014;113.29
10/09/2014;110.67
10/08/2014;109.31
10/07/2014;110.12
10/06/2014;111.34
10/03/2014;109.62
10/02/2014;111.34
10/01/2014;109.73
09/30/2014;114.43
09/29/2014;120.61
09/26/2014;114.93
09/25/2014;110.39
09/24/2014;107.61
09/19/2014;83.94
09/18/2014;86.91
09/17/2014;87.90
09/16/2014;90.86
09/15/2014;91.36
09/12/2014;91.62
09/11/2014;91.60
09/10/2014;88.39
09/09/2014;87.39
09/08/2014;83.95
09/05/2014;83.46
09/04/2014;88.88
09/03/2014;94.81
09/02/2014;98.02
09/01/2014;97.53
08/29/2014;97.77
08/28/2014;97.53
08/27/2014;92.35
08/26/2014;89.63
08/25/2014;97.28
08/22/2014;97.28
08/21/2014;97.28
08/20/2014;97.28
08/19/2014;98.76
08/18/2014;101.23
08/15/2014;99.26
08/14/2014;98.76
08/13/2014;106.16
08/12/2014;107.39
08/11/2014;116.25
08/08/2014;120.21
08/07/2014;118.74
08/06/2014;114.06
08/05/2014;105.18
08/04/2014;103.95
08/01/2014;103.95
07/31/2014;100.49
07/30/2014;96.03
07/29/2014;96.54
07/28/2014;96.54
07/25/2014;100.98
07/24/2014;102.47
07/23/2014;103.45
07/22/2014;100.98
07/21/2014;100.98
07/18/2014;100.99
07/17/2014;100.49
07/16/2014;99.50
07/15/2014;101.48
07/14/2014;100.98
07/11/2014;99.99
07/10/2014;100.49
07/09/2014;95.55
07/08/2014;94.31
07/07/2014;90.85
07/04/2014;90.85
07/03/2014;90.85
07/02/2014;95.30
07/01/2014;93.82
06/30/2014;95.30
06/27/2014;91.35
06/26/2014;90.86
06/25/2014;89.37
06/24/2014;87.39
06/23/2014;89.37
06/20/2014;90.11
06/19/2014;86.39
06/18/2014;88.87
06/17/2014;85.89
06/16/2014;85.12
06/13/2014;85.11
06/12/2014;85.12
06/11/2014;87.11
06/10/2014;87.10
06/09/2014;81.18
06/06/2014;90.09
06/05/2014;104.94
06/04/2014;110.86
06/03/2014;110.86
06/02/2014;110.87
05/30/2014;110.86
05/29/2014;110.87
05/28/2014;108.90
05/27/2014;111.86
05/26/2014;121.73
05/23/2014;121.73
05/22/2014;127.66
05/21/2014;127.67
05/20/2014;129.59
05/19/2014;120.72
05/16/2014;112.84
05/15/2014;111.85
05/14/2014;102.96
05/13/2014;104.93
05/12/2014;104.94
05/09/2014;108.36
05/08/2014;104.94
05/07/2014;110.82
05/06/2014;110.82
05/05/2014;112.79
05/02/2014;112.80
05/01/2014;112.80
04/30/2014;113.77
04/29/2014;116.97
04/28/2014;116.96
04/25/2014;115.97
04/24/2014;113.77
04/23/2014;112.78
04/22/2014;114.26
04/21/2014;116.22
04/18/2014;116.22
04/17/2014;116.23
04/16/2014;115.73
04/15/2014;117.69
04/14/2014;118.20
04/11/2014;120.15
04/10/2014;114.25
04/09/2014;113.28
04/08/2014;113.75
04/07/2014;112.28
04/04/2014;110.30
04/03/2014;118.66
04/02/2014;138.82
04/01/2014;127.49
03/31/2014;131.90
03/28/2014;135.09
03/27/2014;135.83
03/26/2014;136.28
03/25/2014;138.24
03/24/2014;135.82
03/21/2014;134.83
03/20/2014;135.76
03/19/2014;135.86
03/18/2014;139.76
03/17/2014;140.76
03/14/2014;145.67
03/13/2014;142.70
03/12/2014;138.30
03/11/2014;135.36
03/10/2014;136.33
03/07/2014;138.32
03/06/2014;139.78
03/05/2014;140.25
03/04/2014;149.10
03/03/2014;151.02
02/28/2014;146.17
02/27/2014;152.05
02/26/2014;147.14
02/25/2014;146.62
02/24/2014;149.11
02/21/2014;153.03
02/20/2014;154.04
02/19/2014;152.76
02/18/2014;149.56
02/17/2014;153.03
02/14/2014;158.16
02/13/2014;165.96
02/12/2014;163.83
02/11/2014;162.82
02/10/2014;162.06
02/07/2014;162.05
02/06/2014;163.58
02/05/2014;170.41
02/04/2014;170.44
02/03/2014;170.87
01/31/2014;172.34
01/30/2014;169.94
01/29/2014;164.97
01/28/2014;164.99
01/27/2014;167.43
01/24/2014;164.49
01/23/2014;157.36
01/22/2014;146.66
01/21/2014;146.65
01/20/2014;144.19
01/17/2014;145.65
01/16/2014;147.34
01/15/2014;146.86
01/14/2014;152.75
01/13/2014;152.23
01/10/2014;149.67
01/09/2014;148.31
01/08/2014;146.87
01/07/2014;146.34
01/06/2014;149.49
01/03/2014;149.49
01/02/2014;158.73
01/01/2014;168.97
12/31/2013;169.01
12/30/2013;169.96
12/27/2013;168.92
12/26/2013;168.69
12/25/2013;168.68
12/24/2013;168.72
12/23/2013;168.74
12/20/2013;168.25
12/19/2013;169.90
12/18/2013;171.32
12/17/2013;167.81
12/16/2013;166.86
12/13/2013;167.35
12/12/2013;167.83
12/11/2013;165.63
12/10/2013;167.04
12/09/2013;178.52
12/06/2013;184.91
12/05/2013;185.43
12/04/2013;180.29
12/03/2013;176.32
12/02/2013;176.40
11/29/2013;174.88
11/28/2013;175.36
11/27/2013;174.91
11/26/2013;174.34
11/25/2013;182.16
11/22/2013;184.85
11/21/2013;189.19
11/20/2013;189.66
11/19/2013;187.76
11/18/2013;187.48
11/15/2013;190.90
11/14/2013;189.85
11/13/2013;192.28
11/12/2013;190.88
11/11/2013;191.90
11/08/2013;192.95
11/07/2013;194.18
11/06/2013;197.58
11/05/2013;198.81
11/04/2013;197.56
11/01/2013;197.64
10/31/2013;206.38
10/30/2013;205.31
10/29/2013;201.44
10/28/2013;205.31
10/25/2013;205.77
10/24/2013;222.29
10/23/2013;219.98
10/22/2013;197.36
10/21/2013;207.93
10/18/2013;227.11
10/17/2013;225.00
10/16/2013;224.19
10/15/2013;224.51
10/14/2013;214.31
10/11/2013;230.78
10/10/2013;233.10
10/09/2013;241.80
10/08/2013;247.14
10/07/2013;247.13
10/04/2013;248.50
10/03/2013;242.80
10/02/2013;256.11
10/01/2013;260.44
09/30/2013;268.55
09/27/2013;256.19
09/26/2013;248.77
09/25/2013;246.94
09/24/2013;247.41
09/23/2013;247.84
09/20/2013;248.32
09/19/2013;248.76
09/18/2013;247.82
09/17/2013;249.55
09/16/2013;251.75
09/13/2013;255.23
09/12/2013;250.04
09/11/2013;249.01
09/10/2013;249.42
09/09/2013;251.24
09/06/2013;250.52
09/05/2013;249.71
09/04/2013;250.49
09/03/2013;245.65
09/02/2013;244.75
08/30/2013;246.74
08/29/2013;246.07
08/28/2013;248.38
08/27/2013;249.07
08/26/2013;240.02
08/23/2013;240.01
08/22/2013;242.96
08/21/2013;245.60
08/20/2013;244.51
08/19/2013;241.99
08/16/2013;240.73
08/15/2013;241.79
08/14/2013;239.74
08/13/2013;242.48
08/12/2013;244.96
08/09/2013;245.27
08/08/2013;246.25
08/07/2013;246.23
08/06/2013;237.58
08/05/2013;247.24
08/02/2013;241.83
08/01/2013;251.16
07/31/2013;254.41
07/30/2013;251.98
07/29/2013;257.88
07/26/2013;257.54
07/25/2013;257.91
07/24/2013;257.01
07/23/2013;260.18
07/22/2013;261.60
07/19/2013;267.31
07/18/2013;269.30
07/17/2013;273.02
07/16/2013;274.61
07/15/2013;274.98
07/12/2013;274.18
07/11/2013;264.37
07/10/2013;262.60
07/09/2013;263.46
07/08/2013;270.12
07/05/2013;276.04
07/04/2013;278.84
07/03/2013;288.17
07/02/2013;268.55
07/01/2013;269.52
06/28/2013;273.40
06/27/2013;275.79
06/26/2013;276.20
06/25/2013;278.58
06/24/2013;277.14
06/21/2013;275.01
06/20/2013;284.72
06/19/2013;264.44
06/18/2013;265.54
06/17/2013;259.68
06/14/2013;258.72
06/13/2013;262.54
06/12/2013;260.67
06/11/2013;260.66
06/10/2013;256.37
06/07/2013;255.13
06/06/2013;264.22
06/05/2013;255.38
06/04/2013;251.76
06/03/2013;258.34
05/31/2013;257.69
05/30/2013;249.55
05/29/2013;247.53
05/28/2013;247.46
05/27/2013;251.20
05/24/2013;251.21
05/23/2013;239.45
05/22/2013;230.54
05/21/2013;233.47
05/20/2013;233.44
05/17/2013;230.50
05/16/2013;242.73
05/15/2013;235.34
05/14/2013;242.72
05/13/2013;244.34
05/10/2013;234.67
05/09/2013;236.82
05/08/2013;243.17
05/07/2013;239.83
05/06/2013;242.38
05/03/2013;242.37
05/02/2013;249.76
05/01/2013;255.62
04/30/2013;253.00
04/29/2013;255.25
04/26/2013;260.39
04/25/2013;258.80
04/24/2013;248.55
04/23/2013;247.71
04/22/2013;260.85
04/19/2013;266.97
04/18/2013;266.29
04/17/2013;263.96
04/16/2013;265.27
04/15/2013;267.44
04/12/2013;267.02
04/11/2013;261.78
04/10/2013;266.99
04/09/2013;271.84
04/08/2013;274.20
04/05/2013;279.48
04/04/2013;283.92
04/03/2013;287.18
04/02/2013;294.11
04/01/2013;293.61
03/29/2013;295.82
03/28/2013;292.85
03/27/2013;293.83
03/26/2013;279.90
03/25/2013;279.21
03/22/2013;276.24
03/21/2013;281.46
03/20/2013;290.40
03/19/2013;292.23
03/18/2013;275.70
03/15/2013;269.53
03/14/2013;270.84
03/13/2013;269.80
03/12/2013;264.82
03/11/2013;261.90
03/08/2013;262.46
03/07/2013;265.08
03/06/2013;268.03
03/05/2013;277.80
03/04/2013;275.65
03/01/2013;273.96
02/28/2013;275.67
02/27/2013;268.52
02/26/2013;270.83
02/25/2013;244.44
02/22/2013;247.35
02/21/2013;248.31
02/20/2013;235.52
02/19/2013;235.76
02/18/2013;239.32
02/15/2013;242.34
02/14/2013;241.40
02/13/2013;242.84
02/12/2013;257.17
02/11/2013;261.86
02/08/2013;266.67
02/07/2013;269.63
02/06/2013;265.18
02/05/2013;260.66
02/04/2013;265.13
02/01/2013;248.78
01/31/2013;246.41
01/30/2013;243.49
01/29/2013;240.28
01/28/2013;239.63
01/25/2013;233.01
01/24/2013;235.88
01/23/2013;236.81
01/22/2013;232.37
01/21/2013;224.44
01/18/2013;226.53
01/17/2013;223.31
01/16/2013;231.04
01/15/2013;229.38
01/14/2013;226.16
01/11/2013;221.96
01/10/2013;231.48
01/09/2013;238.89
01/08/2013;237.89
01/07/2013;236.88
01/04/2013;243.08
01/03/2013;247.33
01/02/2013;254.42
01/01/2013;281.60
12/31/2012;274.05
12/28/2012;275.29
12/27/2012;270.05
12/26/2012;262.85
12/25/2012;262.75
12/24/2012;262.83
12/21/2012;262.74
12/20/2012;258.00
12/19/2012;256.66
12/18/2012;265.19
12/17/2012;271.40
12/14/2012;273.25
12/13/2012;275.91
12/12/2012;274.93
12/11/2012;286.27
12/10/2012;272.90
12/07/2012;252.87
12/06/2012;245.65
12/05/2012;237.51
12/04/2012;235.53
12/03/2012;234.87
11/30/2012;240.24
11/29/2012;242.53
11/28/2012;246.73
11/27/2012;254.87
11/26/2012;260.67
11/23/2012;276.54
11/22/2012;261.76
11/21/2012;277.43
11/20/2012;285.20
11/19/2012;292.63
11/16/2012;301.00
11/15/2012;299.98
11/14/2012;298.47
11/13/2012;298.38
11/12/2012;306.60
11/09/2012;303.75
11/08/2012;292.20
11/07/2012;285.58
11/06/2012;281.51
11/05/2012;281.10
11/02/2012;278.42
11/01/2012;270.87
10/31/2012;265.70
10/30/2012;266.09
10/29/2012;273.34
10/26/2012;260.73
10/25/2012;254.94
10/24/2012;251.38
10/23/2012;251.33
10/22/2012;240.70
10/19/2012;240.92
10/18/2012;237.19
10/17/2012;234.30
10/16/2012;275.40
10/15/2012;290.89
10/12/2012;298.52
10/11/2012;309.81
10/10/2012;313.29
10/09/2012;308.04
10/08/2012;302.60
10/05/2012;306.14
10/04/2012;325.03
10/03/2012;329.20
10/02/2012;334.07
10/01/2012;340.27
09/28/2012;351.93
09/27/2012;351.58
09/26/2012;346.40
09/25/2012;327.07
09/24/2012;320.21
09/21/2012;322.38
09/20/2012;321.24
09/19/2012;315.94
09/18/2012;320.29
09/17/2012;309.79
09/14/2012;305.69
09/13/2012;314.30
09/12/2012;313.68
09/11/2012;333.25
09/10/2012;335.88
09/07/2012;351.22
09/06/2012;364.18
09/05/2012;410.43
09/04/2012;417.73
09/03/2012;451.62
08/31/2012;460.69
08/30/2012;360.16
08/29/2012;446.99
08/28/2012;449.76
08/27/2012;444.05
08/24/2012;444.03
08/23/2012;419.37
08/22/2012;399.10
08/21/2012;396.45
08/20/2012;409.04
08/17/2012;421.10
08/16/2012;426.93
08/15/2012;433.63
08/14/2012;441.91
08/13/2012;443.68
08/10/2012;444.55
08/09/2012;438.73
08/08/2012;453.81
08/07/2012;449.01
08/06/2012;473.23
08/03/2012;484.23
08/02/2012;507.04
08/01/2012;481.37
07/31/2012;482.29
07/30/2012;482.05
07/27/2012;494.09
07/26/2012;515.71
07/25/2012;548.51
07/24/2012;552.01
07/23/2012;542.53
07/20/2012;504.52
07/19/2012;496.43
07/18/2012;500.86
07/17/2012;493.80
07/16/2012;492.96
07/13/2012;490.43
07/12/2012;493.52
07/11/2012;488.63
07/10/2012;501.77
07/09/2012;518.02
07/06/2012;507.15
07/05/2012;486.14
07/04/2012;455.88
07/03/2012;443.58
07/02/2012;459.64
06/29/2012;480.99
06/28/2012;530.25
06/27/2012;529.24
06/26/2012;533.64
06/25/2012;519.65
06/22/2012;501.20
06/21/2012;505.18
06/20/2012;520.12
06/19/2012;534.51
06/18/2012;548.49
06/15/2012;539.44
06/14/2012;545.72
06/13/2012;546.60
06/12/2012;552.88
06/11/2012;548.96
06/08/2012;540.99
06/07/2012;529.22
06/06/2012;547.77
06/05/2012;563.41
06/04/2012;563.41
06/01/2012;563.40
05/31/2012;553.89
05/30/2012;534.02
05/29/2012;519.25
05/28/2012;517.35
05/25/2012;516.17
05/24/2012;508.00
05/23/2012;505.72
05/22/2012;488.85
05/21/2012;506.94
05/18/2012;506.42
05/17/2012;509.28
05/16/2012;502.15
05/15/2012;487.31
05/14/2012;469.32
05/11/2012;451.64
05/10/2012;448.01
05/09/2012;457.73
05/08/2012;433.78
05/07/2012;433.78
05/04/2012;433.75
05/03/2012;436.52
05/02/2012;442.28
05/01/2012;436.65
04/30/2012;435.67
04/27/2012;440.38
04/26/2012;440.99
04/25/2012;431.60
04/24/2012;450.88
04/23/2012;462.02
04/20/2012;454.72
04/19/2012;449.01
04/18/2012;429.27
04/17/2012;423.40
04/16/2012;432.64
04/13/2012;425.03
04/12/2012;416.41
04/11/2012;425.23
04/10/2012;427.93
04/09/2012;409.29
04/06/2012;408.96
04/05/2012;408.95
04/04/2012;398.95
04/03/2012;380.91
04/02/2012;379.83
03/30/2012;386.70
03/29/2012;387.04
03/28/2012;363.87
03/27/2012;356.46
03/26/2012;364.43
03/23/2012;373.30
03/22/2012;368.89
03/21/2012;354.81
03/20/2012;350.64
03/19/2012;347.13
03/16/2012;353.85
03/15/2012;362.15
03/14/2012;361.38
03/13/2012;379.98
03/12/2012;376.88
03/09/2012;366.09
03/08/2012;362.69
03/07/2012;368.47
03/06/2012;375.54
03/05/2012;361.72
03/02/2012;358.68
03/01/2012;351.97
02/29/2012;378.28
02/28/2012;381.03
02/27/2012;390.14
02/24/2012;387.37
02/23/2012;392.38
02/22/2012;389.30
02/21/2012;379.13
02/20/2012;381.06
02/17/2012;394.65
02/16/2012;415.65
02/15/2012;417.75
02/14/2012;397.97
02/13/2012;392.25
02/10/2012;388.66
02/09/2012;366.67
02/08/2012;367.79
02/07/2012;373.66
02/06/2012;379.60
02/03/2012;383.08
02/02/2012;390.99
02/01/2012;391.42
01/31/2012;415.54
01/30/2012;419.82
01/27/2012;399.22
01/26/2012;419.89
01/25/2012;433.30
01/24/2012;434.74
01/23/2012;431.30
01/20/2012;465.71
01/19/2012;477.17
01/18/2012;500.52
01/17/2012;502.45
01/16/2012;520.56
01/13/2012;507.51
01/12/2012;490.96
01/11/2012;514.98
01/10/2012;517.08
01/09/2012;528.72
01/06/2012;534.69
01/05/2012;528.49
01/04/2012;514.91
01/03/2012;493.01
01/02/2012;485.59
12/30/2011;485.43
12/29/2011;485.39
12/28/2011;478.90
12/27/2011;479.10
12/26/2011;479.11
12/23/2011;479.35
12/22/2011;483.41
12/21/2011;492.41
12/20/2011;517.58
12/19/2011;533.88
12/16/2011;542.23
12/15/2011;566.50
12/14/2011;574.61
12/13/2011;568.09
12/12/2011;566.47
12/09/2011;534.61
12/08/2011;524.44
12/07/2011;471.86
12/06/2011;436.97
12/05/2011;430.95
12/02/2011;454.56
12/01/2011;458.45
11/30/2011;478.89
11/29/2011;525.42
11/28/2011;535.51
11/25/2011;554.34
11/24/2011;554.67
11/23/2011;564.63
11/22/2011;549.10
11/21/2011;539.51
11/18/2011;530.45
11/17/2011;566.92
11/16/2011;576.84
11/15/2011;586.70
11/14/2011;549.96
11/11/2011;523.66
11/10/2011;566.35
11/09/2011;564.64
11/08/2011;514.31
11/07/2011;503.02
11/04/2011;487.35
11/03/2011;477.73
11/02/2011;496.69
11/01/2011;517.06
10/31/2011;439.53
10/28/2011;403.13
10/27/2011;402.40
10/26/2011;453.44
10/25/2011;450.00
10/24/2011;446.67
10/21/2011;436.16
10/20/2011;447.15
10/19/2011;438.40
10/18/2011;447.22
10/17/2011;441.80
10/14/2011;446.67
10/13/2011;442.51
10/12/2011;421.45
10/11/2011;420.57
10/10/2011;420.32
10/07/2011;449.00
10/06/2011;453.23
10/05/2011;466.31
10/04/2011;490.13
10/03/2011;467.53
09/30/2011;468.44
09/29/2011;452.62
09/28/2011;454.44
09/27/2011;445.77
09/26/2011;497.54
09/23/2011;497.69
09/22/2011;537.04
09/21/2011;512.08
09/20/2011;502.22
09/19/2011;487.16
09/16/2011;444.97
09/15/2011;448.32
09/14/2011;485.39
09/13/2011;502.61
09/12/2011;502.99
09/09/2011;465.50
09/08/2011;430.72
09/07/2011;427.30
09/06/2011;448.10
09/05/2011;412.59
09/02/2011;387.77
09/01/2011;372.83
08/31/2011;365.31
08/30/2011;372.70
08/29/2011;376.72
08/26/2011;376.72
08/25/2011;371.78
08/24/2011;373.88
08/23/2011;376.99
08/22/2011;370.16
08/19/2011;354.01
08/18/2011;350.52
08/17/2011;332.58
08/16/2011;340.56
08/15/2011;339.14
08/12/2011;349.13
08/11/2011;373.11
08/10/2011;384.07
08/09/2011;342.02
08/08/2011;336.21
08/05/2011;385.68
08/04/2011;383.80
08/03/2011;363.98
08/02/2011;354.40
08/01/2011;328.10
07/29/2011;312.00
07/28/2011;296.71
07/27/2011;287.40
07/26/2011;271.88
07/25/2011;278.63
07/22/2011;251.47
07/21/2011;253.56
07/20/2011;284.42
07/19/2011;303.19
07/18/2011;325.97
07/15/2011;306.51
07/14/2011;284.44
07/13/2011;278.94
07/12/2011;283.37
07/11/2011;291.68
07/08/2011;246.00
07/07/2011;215.66
07/06/2011;217.53
07/05/2011;192.79
07/04/2011;179.45
07/01/2011;175.47
06/30/2011;170.03
06/29/2011;175.50
06/28/2011;190.77
06/27/2011;205.09
06/24/2011;202.53
06/23/2011;192.10
06/22/2011;176.78
06/21/2011;164.98
06/20/2011;172.85
06/17/2011;169.60
06/16/2011;179.49
06/15/2011;174.97
06/14/2011;165.15
06/13/2011;176.98
06/10/2011;174.41
06/09/2011;163.07
06/08/2011;159.61
06/07/2011;148.24
06/06/2011;148.21
06/03/2011;146.68
06/02/2011;157.08
06/01/2011;158.04
05/31/2011;161.00
05/30/2011;162.90
05/27/2011;162.90
05/26/2011;159.45
05/25/2011;159.43
05/24/2011;166.80
05/23/2011;159.77
05/20/2011;156.27
05/19/2011;152.31
05/18/2011;146.89
05/17/2011;140.90
05/16/2011;137.94
05/13/2011;146.25
05/12/2011;149.23
05/11/2011;151.12
05/10/2011;156.07
05/09/2011;160.01
05/06/2011;150.10
05/05/2011;146.61
05/04/2011;139.70
05/03/2011;144.12
05/02/2011;145.03
04/29/2011;145.03
04/28/2011;145.03
04/27/2011;152.91
04/26/2011;158.28
04/25/2011;156.23
04/22/2011;156.23
04/21/2011;156.23
04/20/2011;146.37
04/19/2011;148.82
04/18/2011;156.16
04/15/2011;142.31
04/14/2011;139.89
04/13/2011;132.47
04/12/2011;127.99
04/11/2011;124.54
04/08/2011;123.51
04/07/2011;130.38
04/06/2011;128.88
04/05/2011;136.73
04/04/2011;137.23
04/01/2011;139.57
03/31/2011;147.98
03/30/2011;146.22
03/29/2011;148.43
03/28/2011;152.31
03/25/2011;156.70
03/24/2011;156.21
03/23/2011;158.11
03/22/2011;154.20
03/21/2011;153.20
03/18/2011;153.22
03/17/2011;155.71
03/16/2011;160.49
03/15/2011;163.45
03/14/2011;162.45
03/11/2011;178.79
03/10/2011;181.22
03/09/2011;178.71
03/08/2011;172.34
03/07/2011;172.94
03/04/2011;171.86
03/03/2011;170.95
03/02/2011;173.83
03/01/2011;176.78
02/28/2011;177.71
02/25/2011;184.10
02/24/2011;189.04
02/23/2011;180.67
02/22/2011;179.15
02/21/2011;176.16
02/18/2011;173.65
02/17/2011;175.12
02/16/2011;174.13
02/15/2011;178.53
02/14/2011;180.90
02/11/2011;173.03
02/10/2011;173.10
02/09/2011;172.03
02/08/2011;171.06
02/07/2011;169.19
02/04/2011;163.16
02/03/2011;164.07
02/02/2011;157.23
02/01/2011;163.14
01/31/2011;174.04
01/28/2011;186.04
01/27/2011;191.87
01/26/2011;188.07
01/25/2011;183.07
01/24/2011;185.12
01/21/2011;185.00
01/20/2011;192.98
01/19/2011;195.98
01/18/2011;204.71
01/17/2011;207.67
01/14/2011;208.95
01/13/2011;213.81
01/12/2011;224.52
01/11/2011;243.40
01/10/2011;253.41
01/07/2011;252.30
01/06/2011;245.26
01/05/2011;235.39
01/04/2011;232.82
01/03/2011;233.62
12/31/2010;233.62
12/30/2010;233.95
12/29/2010;233.55
12/28/2010;228.47
12/27/2010;228.47
12/24/2010;223.56
12/23/2010;223.56
12/22/2010;223.56
12/21/2010;216.64
12/20/2010;210.94
12/17/2010;202.15
12/16/2010;199.85
12/15/2010;194.88
12/14/2010;203.09
12/13/2010;210.70
12/10/2010;218.83
12/09/2010;210.95
12/08/2010;191.84
12/07/2010;205.94
12/06/2010;213.64
12/03/2010;213.80
12/02/2010;211.76
12/01/2010;225.70
11/30/2010;268.27
11/29/2010;243.50
11/26/2010;210.67
11/25/2010;201.77
11/24/2010;201.88
11/23/2010;201.05
11/22/2010;191.02
11/19/2010;182.21
11/18/2010;182.11
11/17/2010;186.10
11/16/2010;185.01
11/15/2010;183.05
11/12/2010;191.10
11/11/2010;199.02
11/10/2010;198.72
11/09/2010;196.87
11/08/2010;193.90
11/05/2010;189.03
11/04/2010;181.17
11/03/2010;182.08
11/02/2010;182.12
11/01/2010;175.17
10/29/2010;172.23
10/28/2010;172.11
10/27/2010;169.15
10/26/2010;168.13
10/25/2010;168.17
10/22/2010;170.13
10/21/2010;168.23
10/20/2010;169.21
10/19/2010;166.23
10/18/2010;166.19
10/15/2010;168.15
10/14/2010;166.23
10/13/2010;171.09
10/12/2010;181.02
10/11/2010;178.05
10/08/2010;182.17
10/07/2010;192.09
10/06/2010;192.11
10/05/2010;193.32
10/04/2010;193.30
10/01/2010;190.33
09/30/2010;195.25
09/29/2010;197.29
09/28/2010;199.28
09/27/2010;192.30
09/24/2010;191.29
09/23/2010;194.28
09/22/2010;196.55
09/21/2010;191.44
09/20/2010;193.35
09/17/2010;193.45
09/16/2010;189.41
09/15/2010;199.48
09/14/2010;196.51
09/13/2010;190.48
09/10/2010;202.28
09/09/2010;202.38
09/08/2010;212.37
09/07/2010;211.32
09/06/2010;189.45
09/03/2010;185.49
09/02/2010;199.42
09/01/2010;209.38
08/31/2010;229.30
08/30/2010;229.15
08/27/2010;229.15
08/26/2010;221.07
08/25/2010;221.19
08/24/2010;207.32
08/23/2010;197.28
08/20/2010;197.35
08/19/2010;183.39
08/18/2010;184.44
08/17/2010;186.46
08/16/2010;193.38
08/13/2010;177.43
08/12/2010;179.44
08/11/2010;169.62
08/10/2010;157.57
08/09/2010;146.68
08/06/2010;141.73
08/05/2010;134.76
08/04/2010;130.81
08/03/2010;128.82
08/02/2010;133.81
07/30/2010;135.76
07/29/2010;134.82
07/28/2010;134.78
07/27/2010;129.82
07/26/2010;149.72
07/23/2010;159.72
07/22/2010;171.79
07/21/2010;171.69
07/20/2010;173.71
07/19/2010;174.71
07/16/2010;173.73
07/15/2010;173.80
07/14/2010;174.71
07/13/2010;171.72
07/12/2010;170.73
07/09/2010;163.81
07/08/2010;169.73
07/07/2010;174.84
07/06/2010;174.78
07/05/2010;176.77
07/02/2010;176.74
07/01/2010;184.74
06/30/2010;194.72
06/29/2010;199.75
06/28/2010;184.80
06/25/2010;185.71
06/24/2010;184.78
06/23/2010;184.85
06/22/2010;177.87
06/21/2010;161.84
06/18/2010;173.83
06/17/2010;183.78
06/16/2010;194.67
06/15/2010;197.73
06/14/2010;190.85
06/11/2010;179.75
06/10/2010;189.79
06/09/2010;209.66
06/08/2010;241.62
06/07/2010;251.70
06/04/2010;239.62
06/03/2010;234.70
06/02/2010;239.71
06/01/2010;229.62
05/31/2010;205.76
05/28/2010;205.76
05/27/2010;209.81
05/26/2010;209.89
05/25/2010;199.75
05/24/2010;164.80
05/21/2010;157.85
05/20/2010;149.87
05/19/2010;139.88
05/18/2010;136.89
05/17/2010;141.90
05/14/2010;140.85
05/13/2010;129.91
05/12/2010;127.93
05/11/2010;144.95
05/10/2010;154.98
05/07/2010;234.96
05/06/2010;224.92
05/05/2010;189.87
05/04/2010;164.71
05/03/2010;141.82
04/30/2010;141.82
04/29/2010;147.84
04/28/2010;151.87
04/27/2010;154.75
04/26/2010;143.82
04/23/2010;138.90
04/22/2010;144.84
04/21/2010;130.81
04/20/2010;122.84
04/19/2010;130.85
04/16/2010;127.85
04/15/2010;125.85
04/14/2010;126.83
04/13/2010;121.86
04/12/2010;120.86
04/09/2010;121.89
04/08/2010;132.77
04/07/2010;121.88
04/06/2010;119.86
04/05/2010;115.90
04/02/2010;115.90
04/01/2010;115.90
03/31/2010;114.92
03/30/2010;108.95
03/29/2010;108.95
03/26/2010;102.98
03/25/2010;102.98
03/24/2010;102.98
03/23/2010;104.97
03/22/2010;107.95
03/19/2010;103.98
03/18/2010;96.02
03/17/2010;91.06
03/16/2010;91.04
03/15/2010;90.05
03/12/2010;90.03
03/11/2010;91.03
03/10/2010;87.04
03/09/2010;94.02
03/08/2010;92.02
03/05/2010;100.00
03/04/2010;101.00
03/03/2010;102.99
03/02/2010;103.99
03/01/2010;122.92
02/26/2010;126.89
02/25/2010;135.81
02/24/2010;130.84
02/23/2010;123.86
02/22/2010;119.93
02/19/2010;121.89
02/18/2010;123.90
02/17/2010;123.91
02/16/2010;129.92
02/15/2010;126.93
02/12/2010;128.93
02/11/2010;128.93
02/10/2010;135.91
02/09/2010;135.91
02/08/2010;156.87
02/05/2010;152.83
02/04/2010;150.79
02/03/2010;129.93
02/02/2010;120.89
02/01/2010;116.90
01/29/2010;116.88
01/28/2010;114.90
01/27/2010;112.88
01/26/2010;104.95
01/25/2010;107.92
01/22/2010;115.86
01/21/2010;115.85
01/20/2010;109.89
01/19/2010;105.94
01/18/2010;104.95
01/15/2010;107.91
01/14/2010;107.92
01/13/2010;104.95
01/12/2010;99.00
01/11/2010;97.02
01/08/2010;95.04
01/07/2010;93.06
01/06/2010;92.06
01/05/2010;102.96
01/04/2010;107.92
12/30/2009;107.93
12/29/2009;107.90
12/28/2009;107.92
12/23/2009;107.92
12/22/2009;111.88
12/21/2009;114.89
12/18/2009;104.96
12/17/2009;99.99
12/16/2009;92.05
12/15/2009;92.05
12/14/2009;90.07
12/11/2009;90.07
12/10/2009;95.04
12/09/2009;96.03
12/08/2009;91.08
12/07/2009;84.12
12/04/2009;84.14
12/03/2009;85.14
12/02/2009;85.14
12/01/2009;85.13
11/30/2009;90.08
11/27/2009;95.04
11/26/2009;89.09
11/25/2009;87.61
11/24/2009;86.11
11/23/2009;86.11
11/20/2009;87.10
11/19/2009;87.09
11/18/2009;82.12
11/17/2009;84.09
11/16/2009;84.13
11/13/2009;78.16
11/12/2009;74.20
11/11/2009;73.70
11/10/2009;73.72
11/09/2009;73.22
11/06/2009;75.21
11/05/2009;73.22
11/04/2009;73.22
11/03/2009;73.18
11/02/2009;73.16
10/30/2009;73.19
10/29/2009;72.69
10/28/2009;72.16
10/27/2009;70.22
10/26/2009;70.22
10/23/2009;70.20
10/22/2009;70.19
10/21/2009;70.21
10/20/2009;70.26
10/19/2009;69.20
10/16/2009;69.25
10/15/2009;68.74
10/14/2009;68.71
10/13/2009;68.81
10/12/2009;68.81
10/09/2009;68.74
10/08/2009;68.66
10/07/2009;68.71
10/06/2009;68.18
10/05/2009;70.00
10/02/2009;70.00
10/01/2009;69.00
09/30/2009;68.00
09/29/2009;68.00
09/28/2009;70.00
09/25/2009;71.00
09/24/2009;69.00
09/23/2009;69.00
09/22/2009;68.00
09/21/2009;68.00
09/18/2009;66.00
09/17/2009;66.00
09/16/2009;64.00
09/15/2009;68.00
09/14/2009;68.00
09/11/2009;68.00
09/10/2009;72.00
09/09/2009;75.00
09/08/2009;77.00
09/07/2009;80.00
09/04/2009;80.00
09/03/2009;81.00
09/02/2009;79.00
09/01/2009;77.00
08/31/2009;75.00
08/28/2009;75.00
08/27/2009;76.00
08/26/2009;75.00
08/25/2009;73.00
08/24/2009;73.00
08/21/2009;77.00
08/20/2009;79.00
08/19/2009;83.00
08/18/2009;80.00
08/17/2009;80.00
08/14/2009;75.00
08/13/2009;73.00
08/12/2009;68.00
08/11/2009;68.00
08/10/2009;64.00
08/07/2009;67.00
08/06/2009;61.00
08/05/2009;60.00
08/04/2009;58.00
08/03/2009;60.00
07/31/2009;60.00
07/30/2009;65.00
07/29/2009;67.00
07/28/2009;87.25
07/27/2009;68.00
07/24/2009;91.25
07/23/2009;75.00
07/22/2009;76.00
07/21/2009;90.25
07/20/2009;81.00
07/17/2009;86.00
07/16/2009;86.00
07/15/2009;89.00
07/14/2009;95.00
07/13/2009;97.00
07/10/2009;95.00
07/09/2009;94.00
07/08/2009;96.00
07/07/2009;86.00
07/06/2009;86.00
07/03/2009;85.00
07/02/2009;85.00
07/01/2009;80.00
06/30/2009;84.00
06/29/2009;95.00
06/26/2009;100.00
06/25/2009;100.00
06/24/2009;108.00
06/23/2009;110.00
06/22/2009;107.00
06/19/2009;107.00
06/18/2009;110.00
06/17/2009;109.00
06/16/2009;106.00
06/15/2009;105.00
06/12/2009;104.00
06/11/2009;104.00
06/10/2009;102.00
06/09/2009;102.00
06/08/2009;102.00
06/05/2009;100.00
06/04/2009;100.00
06/03/2009;97.00
06/02/2009;96.00
06/01/2009;102.00
05/29/2009;105.00
05/28/2009;107.00
05/27/2009;100.00
05/26/2009;97.00
05/25/2009;94.00
05/22/2009;94.00
05/21/2009;86.00
05/20/2009;84.00
05/19/2009;87.00
05/18/2009;90.00
05/15/2009;87.00
05/14/2009;88.50
05/13/2009;77.00
05/12/2009;71.00
05/11/2009;71.00
05/08/2009;71.00
05/07/2009;80.00
05/06/2009;91.00
05/05/2009;105.00
05/04/2009;105.00
05/01/2009;105.00
04/30/2009;105.00
04/29/2009;115.00
04/28/2009;117.00
04/27/2009;116.00
04/24/2009;116.00
04/23/2009;116.00
04/22/2009;116.00
04/21/2009;115.00
04/20/2009;110.00
04/17/2009;110.00
04/16/2009;110.00
04/15/2009;118.00
04/14/2009;118.00
04/13/2009;122.00
04/10/2009;122.00
04/09/2009;122.00
04/08/2009;120.00
04/07/2009;120.00
04/06/2009;125.00
04/03/2009;140.00
04/02/2009;148.00
04/01/2009;151.00
03/31/2009;148.00
03/30/2009;144.00
03/27/2009;143.00
03/26/2009;143.00
03/25/2009;145.00
03/24/2009;142.00
03/23/2009;145.00
03/20/2009;157.00
03/19/2009;165.00
03/18/2009;170.00
03/17/2009;170.00
03/16/2009;168.00
03/13/2009;180.00
03/12/2009;188.00
03/11/2009;188.00
03/10/2009;198.00
03/09/2009;200.00
03/06/2009;200.00
03/05/2009;195.00
03/04/2009;192.00
03/03/2009;195.00
03/02/2009;185.00
02/27/2009;183.00
02/26/2009;183.00
02/25/2009;190.00
02/24/2009;190.00
02/23/2009;189.00
02/20/2009;190.00
02/19/2009;185.00
02/18/2009;187.00
02/17/2009;195.00
02/16/2009;180.00
02/13/2009;180.00
02/12/2009;170.00
02/11/2009;160.00
02/10/2009;160.00
02/09/2009;162.00
02/06/2009;162.00
02/05/2009;160.00
02/04/2009;159.00
02/03/2009;167.00
02/02/2009;165.00
01/30/2009;165.00
01/29/2009;165.00
01/28/2009;165.00
01/27/2009;177.00
01/26/2009;187.00
01/23/2009;187.00
01/22/2009;185.00
01/21/2009;185.00
01/20/2009;185.00
01/19/2009;172.00
01/16/2009;170.00
01/15/2009;170.00
01/14/2009;162.00
01/13/2009;161.00
01/12/2009;155.00
01/09/2009;155.00
01/08/2009;155.00
01/07/2009;154.00
01/06/2009;169.00
01/05/2009;165.00
01/02/2009;166.00
12/30/2008;166.00
12/29/2008;169.00
12/26/2008;169.00
12/23/2008;169.00
12/22/2008;169.00
12/19/2008;169.00
12/18/2008;169.00
12/17/2008;169.00
12/16/2008;177.00
12/15/2008;177.00
12/12/2008;180.00
12/11/2008;180.00
12/10/2008;185.00
12/09/2008;190.00
12/08/2008;192.00
12/05/2008;192.00
12/04/2008;192.00
12/03/2008;172.00
12/02/2008;163.00
12/01/2008;155.00
11/28/2008;141.00
11/27/2008;141.45
11/26/2008;141.00
11/25/2008;141.00
11/24/2008;130.28
11/21/2008;125.40
11/20/2008;125.40
11/19/2008;123.90
11/18/2008;120.00
11/17/2008;112.00
11/14/2008;112.00
11/13/2008;112.00
11/12/2008;108.00
11/11/2008;102.00
11/10/2008;103.00
11/07/2008;103.00
11/06/2008;103.00
11/05/2008;105.00
11/04/2008;105.00
11/03/2008;113.00
10/31/2008;110.00
10/30/2008;110.00
10/29/2008;110.00
10/28/2008;120.00
10/27/2008;128.00
10/24/2008;128.00
10/23/2008;105.00
10/22/2008;95.00
10/21/2008;84.00
10/20/2008;80.00
10/17/2008;80.00
10/16/2008;72.00
10/15/2008;72.00
10/14/2008;55.00
10/13/2008;80.00
10/10/2008;82.00
10/09/2008;58.50
10/08/2008;59.00
10/07/2008;62.00
10/06/2008;62.00
10/03/2008;55.75
10/02/2008;52.00
10/01/2008;50.00
09/30/2008;48.25
09/29/2008;44.25
09/26/2008;43.00
09/23/2008;43.00
09/22/2008;43.00
09/19/2008;44.00
09/18/2008;44.50
09/17/2008;45.00
09/16/2008;47.00
09/15/2008;44.50
09/12/2008;43.75
09/11/2008;43.75
09/10/2008;43.75
09/09/2008;42.75
09/08/2008;42.25
09/05/2008;42.75
09/04/2008;41.00
09/03/2008;40.00
09/02/2008;40.00
08/28/2008;40.50
08/26/2008;40.25
08/25/2008;40.25
08/22/2008;40.25
08/21/2008;41.25
08/20/2008;41.25
08/19/2008;41.25
08/18/2008;40.75
08/15/2008;40.75
08/14/2008;40.75
08/13/2008;40.00
08/12/2008;40.00
08/11/2008;40.00
08/08/2008;39.50
08/07/2008;39.25
08/06/2008;39.25
08/05/2008;39.25
08/04/2008;38.75
08/01/2008;38.75
07/31/2008;38.75
07/30/2008;38.75
07/29/2008;39.50
07/28/2008;39.50
07/25/2008;39.50
07/24/2008;39.75
07/23/2008;40.00
07/22/2008;40.00
